kind	adapter	op	width	height	index	kernel	grid	ns	pct	dispatch_ms_total	single_pass_ms	params
profile	NVIDIA GeForce RTX 2080 [Vulkan DiscreteGpu; NVIDIA 580.178.04]	Hop	560	888	0	conv_k3x3_s1_ob4_wg8_px1_ic40_oc40_t4_Relu_false_None	5x7x10	388576	0.38	103.358	103.653	56 35 40 56 35 40 1 1 40 40
profile	NVIDIA GeForce RTX 2080 [Vulkan DiscreteGpu; NVIDIA 580.178.04]	Hop	560	888	1	conv_k3x3_s1_ob4_wg8_px1_ic40_oc40_t4_None_false_Some(Add)	5x7x10	389216	0.38	103.358	103.653	56 35 40 56 35 40 1 1 40 40
profile	NVIDIA GeForce RTX 2080 [Vulkan DiscreteGpu; NVIDIA 580.178.04]	Hop	560	888	2	convt_k3_s2_ob4_ic40	9x14x8	732704	0.71	103.358	103.653	56 35 40 112 70 32 1
profile	NVIDIA GeForce RTX 2080 [Vulkan DiscreteGpu; NVIDIA 580.178.04]	Hop	560	888	3	conv_k3x3_s1_ob4_wg8_px1_ic8_oc8_t4_None_true_None	9x14x8	254528	0.25	103.358	103.653	112 70 32 112 70 32 1 1 8 8
profile	NVIDIA GeForce RTX 2080 [Vulkan DiscreteGpu; NVIDIA 580.178.04]	Hop	560	888	4	conv_k1x1_s1_ob4_wg8_px1_ic32_oc32_t4_None_false_Some(Gate)	9x14x8	176000	0.17	103.358	103.653	112 70 32 112 70 32 0 0 32 32
profile	NVIDIA GeForce RTX 2080 [Vulkan DiscreteGpu; NVIDIA 580.178.04]	Hop	560	888	5	copy_channels	9x14x1	29088	0.03	103.358	103.653	111 70 32 70 32 0 0 0 70 32 0
profile	NVIDIA GeForce RTX 2080 [Vulkan DiscreteGpu; NVIDIA 580.178.04]	Hop	560	888	6	convt_k3_s2_ob4_ic32	18x28x8	2115488	2.05	103.358	103.653	111 70 32 222 140 32 1
profile	NVIDIA GeForce RTX 2080 [Vulkan DiscreteGpu; NVIDIA 580.178.04]	Hop	560	888	7	conv_k3x3_s1_ob4_wg16_px1_ic32_oc32_t2_Relu_false_None	9x14x8	2470944	2.39	103.358	103.653	222 140 32 222 140 32 1 1 32 32
profile	NVIDIA GeForce RTX 2080 [Vulkan DiscreteGpu; NVIDIA 580.178.04]	Hop	560	888	8	conv_k3x3_s1_ob4_wg16_px1_ic32_oc32_t2_None_false_Some(Add)	9x14x8	2505280	2.42	103.358	103.653	222 140 32 222 140 32 1 1 32 32
profile	NVIDIA GeForce RTX 2080 [Vulkan DiscreteGpu; NVIDIA 580.178.04]	Hop	560	888	9	conv_k3x3_s1_ob4_wg16_px1_ic32_oc32_t2_Relu_false_None	9x14x8	2470240	2.39	103.358	103.653	222 140 32 222 140 32 1 1 32 32
profile	NVIDIA GeForce RTX 2080 [Vulkan DiscreteGpu; NVIDIA 580.178.04]	Hop	560	888	10	conv_k3x3_s1_ob4_wg16_px1_ic32_oc32_t2_None_false_Some(Add)	9x14x8	2509952	2.43	103.358	103.653	222 140 32 222 140 32 1 1 32 32
profile	NVIDIA GeForce RTX 2080 [Vulkan DiscreteGpu; NVIDIA 580.178.04]	Hop	560	888	11	conv_k3x3_s2_ob4_wg8_px1_ic32_oc32_t2_None_false_None	9x14x8	1369504	1.33	103.358	103.653	222 140 32 111 70 32 1 1 32 32
profile	NVIDIA GeForce RTX 2080 [Vulkan DiscreteGpu; NVIDIA 580.178.04]	Hop	560	888	12	conv_k3x3_s1_ob4_wg8_px1_ic32_oc32_t4_Relu_false_None	9x14x8	928576	0.90	103.358	103.653	111 70 32 111 70 32 1 1 32 32
profile	NVIDIA GeForce RTX 2080 [Vulkan DiscreteGpu; NVIDIA 580.178.04]	Hop	560	888	13	conv_k3x3_s1_ob4_wg8_px1_ic32_oc32_t4_None_false_Some(Add)	9x14x8	929888	0.90	103.358	103.653	111 70 32 111 70 32 1 1 32 32
profile	NVIDIA GeForce RTX 2080 [Vulkan DiscreteGpu; NVIDIA 580.178.04]	Hop	560	888	14	conv_k3x3_s1_ob4_wg8_px1_ic32_oc32_t4_Relu_false_None	9x14x8	923168	0.89	103.358	103.653	111 70 32 111 70 32 1 1 32 32
profile	NVIDIA GeForce RTX 2080 [Vulkan DiscreteGpu; NVIDIA 580.178.04]	Hop	560	888	15	conv_k3x3_s1_ob4_wg8_px1_ic32_oc32_t4_None_false_Some(Add)	9x14x8	934880	0.90	103.358	103.653	111 70 32 111 70 32 1 1 32 32
profile	NVIDIA GeForce RTX 2080 [Vulkan DiscreteGpu; NVIDIA 580.178.04]	Hop	560	888	16	convt_k3_s2_ob4_ic32	18x28x8	2106592	2.04	103.358	103.653	111 70 32 222 140 32 1
profile	NVIDIA GeForce RTX 2080 [Vulkan DiscreteGpu; NVIDIA 580.178.04]	Hop	560	888	17	pw_SigmoidMulAdd	15540x1x1	155744	0.15	103.358	103.653	994560 994560
profile	NVIDIA GeForce RTX 2080 [Vulkan DiscreteGpu; NVIDIA 580.178.04]	Hop	560	888	18	conv_k3x3_s1_ob4_wg8_px1_ic8_oc8_t4_None_true_None	18x28x8	958944	0.93	103.358	103.653	222 140 32 222 140 32 1 1 8 8
profile	NVIDIA GeForce RTX 2080 [Vulkan DiscreteGpu; NVIDIA 580.178.04]	Hop	560	888	19	conv_k1x1_s1_ob4_wg16_px1_ic32_oc32_t4_None_false_Some(Gate)	9x14x8	818560	0.79	103.358	103.653	222 140 32 222 140 32 0 0 32 32
profile	NVIDIA GeForce RTX 2080 [Vulkan DiscreteGpu; NVIDIA 580.178.04]	Hop	560	888	20	conv_k1x1_s1_ob4_wg16_px1_ic32_oc128_t4_None_false_None	9x14x32	2675360	2.59	103.358	103.653	222 140 32 222 140 128 0 0 32 128
profile	NVIDIA GeForce RTX 2080 [Vulkan DiscreteGpu; NVIDIA 580.178.04]	Hop	560	888	21	pixel_shuffle_2	35x56x32	2955200	2.86	103.358	103.653	444 280 128 32 140 128
profile	NVIDIA GeForce RTX 2080 [Vulkan DiscreteGpu; NVIDIA 580.178.04]	Hop	560	888	22	conv_k3x3_s2_ob4_wg8_px1_ic32_oc32_t2_None_false_None	18x28x8	5464192	5.29	103.358	103.653	444 280 32 222 140 32 1 1 32 32
profile	NVIDIA GeForce RTX 2080 [Vulkan DiscreteGpu; NVIDIA 580.178.04]	Hop	560	888	23	layer_norm	486x1x1	628480	0.61	103.358	103.653	31080 31104 128 32
profile	NVIDIA GeForce RTX 2080 [Vulkan DiscreteGpu; NVIDIA 580.178.04]	Hop	560	888	24	conv_k1x1_s1_ob4_wg16_px1_ic32_oc96_t4_None_false_None	9x14x24	2057696	1.99	103.358	103.653	222 140 32 222 140 96 0 0 32 96
profile	NVIDIA GeForce RTX 2080 [Vulkan DiscreteGpu; NVIDIA 580.178.04]	Hop	560	888	25	depthwise3x3_z4	18x28x24	736352	0.71	103.358	103.653	222 140 96
profile	NVIDIA GeForce RTX 2080 [Vulkan DiscreteGpu; NVIDIA 580.178.04]	Hop	560	888	26	gram_chunks	16x32x1	469696	0.45	103.358	103.653	31080 122 256 96 0 32 8
profile	NVIDIA GeForce RTX 2080 [Vulkan DiscreteGpu; NVIDIA 580.178.04]	Hop	560	888	27	gram_reduce	4x1x1	54752	0.05	103.358	103.653	122 256
profile	NVIDIA GeForce RTX 2080 [Vulkan DiscreteGpu; NVIDIA 580.178.04]	Hop	560	888	28	gram_chunks	16x32x1	391104	0.38	103.358	103.653	31080 122 256 96 0 0 8
profile	NVIDIA GeForce RTX 2080 [Vulkan DiscreteGpu; NVIDIA 580.178.04]	Hop	560	888	29	gram_reduce	4x1x1	44416	0.04	103.358	103.653	122 256
profile	NVIDIA GeForce RTX 2080 [Vulkan DiscreteGpu; NVIDIA 580.178.04]	Hop	560	888	30	gram_chunks	16x32x1	390944	0.38	103.358	103.653	31080 122 256 96 32 32 8
profile	NVIDIA GeForce RTX 2080 [Vulkan DiscreteGpu; NVIDIA 580.178.04]	Hop	560	888	31	gram_reduce	4x1x1	44608	0.04	103.358	103.653	122 256
profile	NVIDIA GeForce RTX 2080 [Vulkan DiscreteGpu; NVIDIA 580.178.04]	Hop	560	888	32	attention_softmax	2x1x1	14976	0.01	103.358	103.653	128 32 8
profile	NVIDIA GeForce RTX 2080 [Vulkan DiscreteGpu; NVIDIA 580.178.04]	Hop	560	888	33	attention_apply	486x1x32	1586208	1.53	103.358	103.653	31080 31104 96 64 8 32
profile	NVIDIA GeForce RTX 2080 [Vulkan DiscreteGpu; NVIDIA 580.178.04]	Hop	560	888	34	conv_k1x1_s1_ob4_wg16_px1_ic32_oc32_t4_None_false_None	9x14x8	686976	0.66	103.358	103.653	222 140 32 222 140 32 0 0 32 32
profile	NVIDIA GeForce RTX 2080 [Vulkan DiscreteGpu; NVIDIA 580.178.04]	Hop	560	888	35	pw_Add	15540x1x1	122688	0.12	103.358	103.653	994560 994560
profile	NVIDIA GeForce RTX 2080 [Vulkan DiscreteGpu; NVIDIA 580.178.04]	Hop	560	888	36	layer_norm	486x1x1	626848	0.61	103.358	103.653	31080 31104 128 32
profile	NVIDIA GeForce RTX 2080 [Vulkan DiscreteGpu; NVIDIA 580.178.04]	Hop	560	888	37	conv_k1x1_s1_ob4_wg16_px1_ic32_oc64_t4_None_false_None	9x14x16	1286880	1.25	103.358	103.653	222 140 32 222 140 64 0 0 32 64
profile	NVIDIA GeForce RTX 2080 [Vulkan DiscreteGpu; NVIDIA 580.178.04]	Hop	560	888	38	depthwise3x3_z4	18x28x16	638656	0.62	103.358	103.653	222 140 64
profile	NVIDIA GeForce RTX 2080 [Vulkan DiscreteGpu; NVIDIA 580.178.04]	Hop	560	888	39	conv_k1x1_s1_ob4_wg16_px1_ic32_oc64_t4_None_false_None	9x14x16	1293056	1.25	103.358	103.653	222 140 32 222 140 64 0 0 32 64
profile	NVIDIA GeForce RTX 2080 [Vulkan DiscreteGpu; NVIDIA 580.178.04]	Hop	560	888	40	depthwise3x3_z4	18x28x16	432288	0.42	103.358	103.653	222 140 64
profile	NVIDIA GeForce RTX 2080 [Vulkan DiscreteGpu; NVIDIA 580.178.04]	Hop	560	888	41	elu_gate	31080x1x1	238272	0.23	103.358	103.653	31080 1989120 64 64 0 64 0 128 0
profile	NVIDIA GeForce RTX 2080 [Vulkan DiscreteGpu; NVIDIA 580.178.04]	Hop	560	888	42	conv_k1x1_s1_ob4_wg16_px1_ic32_oc64_t4_None_false_None	9x14x16	1282976	1.24	103.358	103.653	222 140 32 222 140 64 0 0 32 64
profile	NVIDIA GeForce RTX 2080 [Vulkan DiscreteGpu; NVIDIA 580.178.04]	Hop	560	888	43	depthwise3x3_z4	18x28x16	640000	0.62	103.358	103.653	222 140 64
profile	NVIDIA GeForce RTX 2080 [Vulkan DiscreteGpu; NVIDIA 580.178.04]	Hop	560	888	44	conv_k1x1_s1_ob4_wg16_px1_ic32_oc64_t4_None_false_None	9x14x16	1293440	1.25	103.358	103.653	222 140 32 222 140 64 0 0 32 64
profile	NVIDIA GeForce RTX 2080 [Vulkan DiscreteGpu; NVIDIA 580.178.04]	Hop	560	888	45	depthwise3x3_z4	18x28x16	431904	0.42	103.358	103.653	222 140 64
profile	NVIDIA GeForce RTX 2080 [Vulkan DiscreteGpu; NVIDIA 580.178.04]	Hop	560	888	46	elu_gate	31080x1x1	238240	0.23	103.358	103.653	31080 1989120 64 64 0 64 0 128 64
profile	NVIDIA GeForce RTX 2080 [Vulkan DiscreteGpu; NVIDIA 580.178.04]	Hop	560	888	47	conv_k1x1_s1_ob4_wg16_px1_ic128_oc32_t4_None_false_None	9x14x8	3007584	2.91	103.358	103.653	222 140 128 222 140 32 0 0 128 32
profile	NVIDIA GeForce RTX 2080 [Vulkan DiscreteGpu; NVIDIA 580.178.04]	Hop	560	888	48	pw_Add	15540x1x1	117600	0.11	103.358	103.653	994560 994560
profile	NVIDIA GeForce RTX 2080 [Vulkan DiscreteGpu; NVIDIA 580.178.04]	Hop	560	888	49	layer_norm	486x1x1	620992	0.60	103.358	103.653	31080 31104 128 32
profile	NVIDIA GeForce RTX 2080 [Vulkan DiscreteGpu; NVIDIA 580.178.04]	Hop	560	888	50	conv_k1x1_s1_ob4_wg16_px1_ic32_oc96_t4_None_false_None	9x14x24	2052480	1.99	103.358	103.653	222 140 32 222 140 96 0 0 32 96
profile	NVIDIA GeForce RTX 2080 [Vulkan DiscreteGpu; NVIDIA 580.178.04]	Hop	560	888	51	depthwise3x3_z4	18x28x24	739328	0.72	103.358	103.653	222 140 96
profile	NVIDIA GeForce RTX 2080 [Vulkan DiscreteGpu; NVIDIA 580.178.04]	Hop	560	888	52	gram_chunks	16x32x1	466048	0.45	103.358	103.653	31080 122 256 96 0 32 8
profile	NVIDIA GeForce RTX 2080 [Vulkan DiscreteGpu; NVIDIA 580.178.04]	Hop	560	888	53	gram_reduce	4x1x1	55104	0.05	103.358	103.653	122 256
profile	NVIDIA GeForce RTX 2080 [Vulkan DiscreteGpu; NVIDIA 580.178.04]	Hop	560	888	54	gram_chunks	16x32x1	390720	0.38	103.358	103.653	31080 122 256 96 0 0 8
profile	NVIDIA GeForce RTX 2080 [Vulkan DiscreteGpu; NVIDIA 580.178.04]	Hop	560	888	55	gram_reduce	4x1x1	41568	0.04	103.358	103.653	122 256
profile	NVIDIA GeForce RTX 2080 [Vulkan DiscreteGpu; NVIDIA 580.178.04]	Hop	560	888	56	gram_chunks	16x32x1	390304	0.38	103.358	103.653	31080 122 256 96 32 32 8
profile	NVIDIA GeForce RTX 2080 [Vulkan DiscreteGpu; NVIDIA 580.178.04]	Hop	560	888	57	gram_reduce	4x1x1	41088	0.04	103.358	103.653	122 256
profile	NVIDIA GeForce RTX 2080 [Vulkan DiscreteGpu; NVIDIA 580.178.04]	Hop	560	888	58	attention_softmax	2x1x1	16064	0.02	103.358	103.653	128 32 8
profile	NVIDIA GeForce RTX 2080 [Vulkan DiscreteGpu; NVIDIA 580.178.04]	Hop	560	888	59	attention_apply	486x1x32	1587296	1.54	103.358	103.653	31080 31104 96 64 8 32
profile	NVIDIA GeForce RTX 2080 [Vulkan DiscreteGpu; NVIDIA 580.178.04]	Hop	560	888	60	conv_k1x1_s1_ob4_wg16_px1_ic32_oc32_t4_None_false_None	9x14x8	648576	0.63	103.358	103.653	222 140 32 222 140 32 0 0 32 32
profile	NVIDIA GeForce RTX 2080 [Vulkan DiscreteGpu; NVIDIA 580.178.04]	Hop	560	888	61	pw_Add	15540x1x1	118976	0.12	103.358	103.653	994560 994560
profile	NVIDIA GeForce RTX 2080 [Vulkan DiscreteGpu; NVIDIA 580.178.04]	Hop	560	888	62	layer_norm	486x1x1	605888	0.59	103.358	103.653	31080 31104 128 32
profile	NVIDIA GeForce RTX 2080 [Vulkan DiscreteGpu; NVIDIA 580.178.04]	Hop	560	888	63	conv_k1x1_s1_ob4_wg16_px1_ic32_oc64_t4_None_false_None	9x14x16	1296224	1.25	103.358	103.653	222 140 32 222 140 64 0 0 32 64
profile	NVIDIA GeForce RTX 2080 [Vulkan DiscreteGpu; NVIDIA 580.178.04]	Hop	560	888	64	depthwise3x3_z4	18x28x16	639392	0.62	103.358	103.653	222 140 64
profile	NVIDIA GeForce RTX 2080 [Vulkan DiscreteGpu; NVIDIA 580.178.04]	Hop	560	888	65	conv_k1x1_s1_ob4_wg16_px1_ic32_oc64_t4_None_false_None	9x14x16	1303552	1.26	103.358	103.653	222 140 32 222 140 64 0 0 32 64
profile	NVIDIA GeForce RTX 2080 [Vulkan DiscreteGpu; NVIDIA 580.178.04]	Hop	560	888	66	depthwise3x3_z4	18x28x16	428608	0.41	103.358	103.653	222 140 64
profile	NVIDIA GeForce RTX 2080 [Vulkan DiscreteGpu; NVIDIA 580.178.04]	Hop	560	888	67	elu_gate	31080x1x1	238528	0.23	103.358	103.653	31080 1989120 64 64 0 64 0 128 0
profile	NVIDIA GeForce RTX 2080 [Vulkan DiscreteGpu; NVIDIA 580.178.04]	Hop	560	888	68	conv_k1x1_s1_ob4_wg16_px1_ic32_oc64_t4_None_false_None	9x14x16	1421984	1.38	103.358	103.653	222 140 32 222 140 64 0 0 32 64
profile	NVIDIA GeForce RTX 2080 [Vulkan DiscreteGpu; NVIDIA 580.178.04]	Hop	560	888	69	depthwise3x3_z4	18x28x16	456384	0.44	103.358	103.653	222 140 64
profile	NVIDIA GeForce RTX 2080 [Vulkan DiscreteGpu; NVIDIA 580.178.04]	Hop	560	888	70	conv_k1x1_s1_ob4_wg16_px1_ic32_oc64_t4_None_false_None	9x14x16	1407552	1.36	103.358	103.653	222 140 32 222 140 64 0 0 32 64
profile	NVIDIA GeForce RTX 2080 [Vulkan DiscreteGpu; NVIDIA 580.178.04]	Hop	560	888	71	depthwise3x3_z4	18x28x16	458368	0.44	103.358	103.653	222 140 64
profile	NVIDIA GeForce RTX 2080 [Vulkan DiscreteGpu; NVIDIA 580.178.04]	Hop	560	888	72	elu_gate	31080x1x1	238752	0.23	103.358	103.653	31080 1989120 64 64 0 64 0 128 64
profile	NVIDIA GeForce RTX 2080 [Vulkan DiscreteGpu; NVIDIA 580.178.04]	Hop	560	888	73	conv_k1x1_s1_ob4_wg16_px1_ic128_oc32_t4_None_false_None	9x14x8	3027616	2.93	103.358	103.653	222 140 128 222 140 32 0 0 128 32
profile	NVIDIA GeForce RTX 2080 [Vulkan DiscreteGpu; NVIDIA 580.178.04]	Hop	560	888	74	pw_Add	15540x1x1	117536	0.11	103.358	103.653	994560 994560
profile	NVIDIA GeForce RTX 2080 [Vulkan DiscreteGpu; NVIDIA 580.178.04]	Hop	560	888	75	convt_k3_s2_ob4_ic32	35x56x8	8040480	7.78	103.358	103.653	222 140 32 444 280 32 1
profile	NVIDIA GeForce RTX 2080 [Vulkan DiscreteGpu; NVIDIA 580.178.04]	Hop	560	888	76	conv_k3x3_s1_ob4_wg8_px1_ic8_oc8_t4_None_true_None	35x56x8	3618048	3.50	103.358	103.653	444 280 32 444 280 32 1 1 8 8
profile	NVIDIA GeForce RTX 2080 [Vulkan DiscreteGpu; NVIDIA 580.178.04]	Hop	560	888	77	conv_k1x1_s1_ob4_wg16_px1_ic32_oc32_t4_None_false_Some(Gate)	18x28x8	2747392	2.66	103.358	103.653	444 280 32 444 280 32 0 0 32 32
profile	NVIDIA GeForce RTX 2080 [Vulkan DiscreteGpu; NVIDIA 580.178.04]	Hop	560	888	78	convt_k3_s2_ob1_ic32	70x111x1	1501472	1.45	103.358	103.653	444 280 32 888 560 1 1
profile	NVIDIA GeForce RTX 2080 [Vulkan DiscreteGpu; NVIDIA 580.178.04]	Hop	560	888	79	emit_1	70x111x1	27168	0.03	103.358	103.653	560 888 0 0 0 0 560 1 560 888 0
profile	NVIDIA GeForce RTX 2080 [Vulkan DiscreteGpu; NVIDIA 580.178.04]	Hop	560	888	80	copy_channels	5x7x1	15904	0.02	103.358	103.653	56 35 40 35 40 0 0 0 35 64 0
profile	NVIDIA GeForce RTX 2080 [Vulkan DiscreteGpu; NVIDIA 580.178.04]	Hop	560	888	81	copy_channels	5x7x1	10912	0.01	103.358	103.653	56 35 24 35 24 0 0 0 35 64 40
profile	NVIDIA GeForce RTX 2080 [Vulkan DiscreteGpu; NVIDIA 580.178.04]	Hop	560	888	82	conv_k3x3_s1_ob4_wg8_px1_ic64_oc12_t4_None_false_None	5x7x3	256640	0.25	103.358	103.653	56 35 64 56 35 12 1 1 64 12
profile	NVIDIA GeForce RTX 2080 [Vulkan DiscreteGpu; NVIDIA 580.178.04]	Hop	560	888	83	copy_channels	5x7x1	6400	0.01	103.358	103.653	56 35 12 35 12 0 0 0 35 36 0
profile	NVIDIA GeForce RTX 2080 [Vulkan DiscreteGpu; NVIDIA 580.178.04]	Hop	560	888	84	copy_channels	5x7x1	10752	0.01	103.358	103.653	56 35 24 35 24 0 0 0 35 36 12
profile	NVIDIA GeForce RTX 2080 [Vulkan DiscreteGpu; NVIDIA 580.178.04]	Hop	560	888	85	convt_k3_s2_ob4_ic36	9x14x4	332992	0.32	103.358	103.653	56 35 36 112 70 16 1
profile	NVIDIA GeForce RTX 2080 [Vulkan DiscreteGpu; NVIDIA 580.178.04]	Hop	560	888	86	conv_k3x3_s1_ob4_wg8_px1_ic16_oc16_t4_Relu_false_None	9x14x4	242496	0.23	103.358	103.653	112 70 16 112 70 16 1 1 16 16
profile	NVIDIA GeForce RTX 2080 [Vulkan DiscreteGpu; NVIDIA 580.178.04]	Hop	560	888	87	conv_k3x3_s1_ob4_wg8_px1_ic16_oc16_t4_None_false_Some(Add)	9x14x4	247328	0.24	103.358	103.653	112 70 16 112 70 16 1 1 16 16
profile	NVIDIA GeForce RTX 2080 [Vulkan DiscreteGpu; NVIDIA 580.178.04]	Hop	560	888	88	conv_k3x3_s1_ob4_wg8_px1_ic16_oc16_t4_Relu_false_None	9x14x4	241792	0.23	103.358	103.653	112 70 16 112 70 16 1 1 16 16
profile	NVIDIA GeForce RTX 2080 [Vulkan DiscreteGpu; NVIDIA 580.178.04]	Hop	560	888	89	conv_k3x3_s1_ob4_wg8_px1_ic16_oc16_t4_None_false_Some(Add)	9x14x4	249792	0.24	103.358	103.653	112 70 16 112 70 16 1 1 16 16
profile	NVIDIA GeForce RTX 2080 [Vulkan DiscreteGpu; NVIDIA 580.178.04]	Hop	560	888	90	conv_k3x3_s2_ob4_wg8_px1_ic16_oc16_t2_None_false_None	5x7x4	108256	0.10	103.358	103.653	112 70 16 56 35 16 1 1 16 16
profile	NVIDIA GeForce RTX 2080 [Vulkan DiscreteGpu; NVIDIA 580.178.04]	Hop	560	888	91	conv_k3x3_s1_ob4_wg8_px1_ic16_oc16_t4_Relu_false_None	5x7x4	81376	0.08	103.358	103.653	56 35 16 56 35 16 1 1 16 16
profile	NVIDIA GeForce RTX 2080 [Vulkan DiscreteGpu; NVIDIA 580.178.04]	Hop	560	888	92	conv_k3x3_s1_ob4_wg8_px1_ic16_oc16_t4_None_false_Some(Add)	5x7x4	82240	0.08	103.358	103.653	56 35 16 56 35 16 1 1 16 16
profile	NVIDIA GeForce RTX 2080 [Vulkan DiscreteGpu; NVIDIA 580.178.04]	Hop	560	888	93	conv_k3x3_s1_ob4_wg8_px1_ic16_oc16_t4_Relu_false_None	5x7x4	76576	0.07	103.358	103.653	56 35 16 56 35 16 1 1 16 16
profile	NVIDIA GeForce RTX 2080 [Vulkan DiscreteGpu; NVIDIA 580.178.04]	Hop	560	888	94	conv_k3x3_s1_ob4_wg8_px1_ic16_oc16_t4_None_false_Some(Add)	5x7x4	77792	0.08	103.358	103.653	56 35 16 56 35 16 1 1 16 16
profile	NVIDIA GeForce RTX 2080 [Vulkan DiscreteGpu; NVIDIA 580.178.04]	Hop	560	888	95	convt_k3_s2_ob4_ic16	9x14x4	154592	0.15	103.358	103.653	56 35 16 112 70 16 1
profile	NVIDIA GeForce RTX 2080 [Vulkan DiscreteGpu; NVIDIA 580.178.04]	Hop	560	888	96	pw_SigmoidMulAdd	1960x1x1	19840	0.02	103.358	103.653	125440 125440
profile	NVIDIA GeForce RTX 2080 [Vulkan DiscreteGpu; NVIDIA 580.178.04]	Hop	560	888	97	copy_channels	9x14x1	12896	0.01	103.358	103.653	111 70 16 70 16 0 0 0 70 16 0
profile	NVIDIA GeForce RTX 2080 [Vulkan DiscreteGpu; NVIDIA 580.178.04]	Hop	560	888	98	conv_k3x3_s1_ob4_wg8_px1_ic4_oc4_t0_None_true_None	9x14x4	94944	0.09	103.358	103.653	111 70 16 111 70 16 1 1 4 4
profile	NVIDIA GeForce RTX 2080 [Vulkan DiscreteGpu; NVIDIA 580.178.04]	Hop	560	888	99	conv_k1x1_s1_ob4_wg8_px1_ic16_oc16_t4_None_false_Some(Gate)	9x14x4	49632	0.05	103.358	103.653	111 70 16 111 70 16 0 0 16 16
profile	NVIDIA GeForce RTX 2080 [Vulkan DiscreteGpu; NVIDIA 580.178.04]	Hop	560	888	100	conv_k1x1_s1_ob4_wg8_px1_ic16_oc64_t4_None_false_None	9x14x16	163424	0.16	103.358	103.653	111 70 16 111 70 64 0 0 16 64
profile	NVIDIA GeForce RTX 2080 [Vulkan DiscreteGpu; NVIDIA 580.178.04]	Hop	560	888	101	pixel_shuffle_2	18x28x16	267392	0.26	103.358	103.653	222 140 64 16 70 64
profile	NVIDIA GeForce RTX 2080 [Vulkan DiscreteGpu; NVIDIA 580.178.04]	Hop	560	888	102	layer_norm	486x1x1	245408	0.24	103.358	103.653	31080 31104 64 16
profile	NVIDIA GeForce RTX 2080 [Vulkan DiscreteGpu; NVIDIA 580.178.04]	Hop	560	888	103	conv_k1x1_s1_ob4_wg16_px1_ic16_oc48_t4_None_false_None	9x14x12	586208	0.57	103.358	103.653	222 140 16 222 140 48 0 0 16 48
profile	NVIDIA GeForce RTX 2080 [Vulkan DiscreteGpu; NVIDIA 580.178.04]	Hop	560	888	104	depthwise3x3_z4	18x28x12	336128	0.33	103.358	103.653	222 140 48
profile	NVIDIA GeForce RTX 2080 [Vulkan DiscreteGpu; NVIDIA 580.178.04]	Hop	560	888	105	gram_chunks	16x8x1	121216	0.12	103.358	103.653	31080 122 64 48 0 16 4
profile	NVIDIA GeForce RTX 2080 [Vulkan DiscreteGpu; NVIDIA 580.178.04]	Hop	560	888	106	gram_reduce	1x1x1	33120	0.03	103.358	103.653	122 64
profile	NVIDIA GeForce RTX 2080 [Vulkan DiscreteGpu; NVIDIA 580.178.04]	Hop	560	888	107	gram_chunks	16x8x1	114656	0.11	103.358	103.653	31080 122 64 48 0 0 4
profile	NVIDIA GeForce RTX 2080 [Vulkan DiscreteGpu; NVIDIA 580.178.04]	Hop	560	888	108	gram_reduce	1x1x1	32960	0.03	103.358	103.653	122 64
profile	NVIDIA GeForce RTX 2080 [Vulkan DiscreteGpu; NVIDIA 580.178.04]	Hop	560	888	109	gram_chunks	16x8x1	114144	0.11	103.358	103.653	31080 122 64 48 16 16 4
profile	NVIDIA GeForce RTX 2080 [Vulkan DiscreteGpu; NVIDIA 580.178.04]	Hop	560	888	110	gram_reduce	1x1x1	33088	0.03	103.358	103.653	122 64
profile	NVIDIA GeForce RTX 2080 [Vulkan DiscreteGpu; NVIDIA 580.178.04]	Hop	560	888	111	attention_softmax	1x1x1	10240	0.01	103.358	103.653	64 16 4
profile	NVIDIA GeForce RTX 2080 [Vulkan DiscreteGpu; NVIDIA 580.178.04]	Hop	560	888	112	attention_apply	486x1x16	488896	0.47	103.358	103.653	31080 31104 48 32 4 16
profile	NVIDIA GeForce RTX 2080 [Vulkan DiscreteGpu; NVIDIA 580.178.04]	Hop	560	888	113	conv_k1x1_s1_ob4_wg16_px1_ic16_oc16_t4_None_false_None	9x14x4	179552	0.17	103.358	103.653	222 140 16 222 140 16 0 0 16 16
profile	NVIDIA GeForce RTX 2080 [Vulkan DiscreteGpu; NVIDIA 580.178.04]	Hop	560	888	114	pw_Add	7770x1x1	59808	0.06	103.358	103.653	497280 497280
profile	NVIDIA GeForce RTX 2080 [Vulkan DiscreteGpu; NVIDIA 580.178.04]	Hop	560	888	115	layer_norm	486x1x1	243808	0.24	103.358	103.653	31080 31104 64 16
profile	NVIDIA GeForce RTX 2080 [Vulkan DiscreteGpu; NVIDIA 580.178.04]	Hop	560	888	116	conv_k1x1_s1_ob4_wg16_px1_ic16_oc32_t4_None_false_None	9x14x8	363168	0.35	103.358	103.653	222 140 16 222 140 32 0 0 16 32
profile	NVIDIA GeForce RTX 2080 [Vulkan DiscreteGpu; NVIDIA 580.178.04]	Hop	560	888	117	depthwise3x3_z4	18x28x8	168032	0.16	103.358	103.653	222 140 32
profile	NVIDIA GeForce RTX 2080 [Vulkan DiscreteGpu; NVIDIA 580.178.04]	Hop	560	888	118	conv_k1x1_s1_ob4_wg16_px1_ic16_oc32_t4_None_false_None	9x14x8	333184	0.32	103.358	103.653	222 140 16 222 140 32 0 0 16 32
profile	NVIDIA GeForce RTX 2080 [Vulkan DiscreteGpu; NVIDIA 580.178.04]	Hop	560	888	119	depthwise3x3_z4	18x28x8	246592	0.24	103.358	103.653	222 140 32
profile	NVIDIA GeForce RTX 2080 [Vulkan DiscreteGpu; NVIDIA 580.178.04]	Hop	560	888	120	elu_gate	15540x1x1	126400	0.12	103.358	103.653	31080 994560 32 32 0 32 0 64 0
profile	NVIDIA GeForce RTX 2080 [Vulkan DiscreteGpu; NVIDIA 580.178.04]	Hop	560	888	121	conv_k1x1_s1_ob4_wg16_px1_ic16_oc32_t4_None_false_None	9x14x8	334560	0.32	103.358	103.653	222 140 16 222 140 32 0 0 16 32
profile	NVIDIA GeForce RTX 2080 [Vulkan DiscreteGpu; NVIDIA 580.178.04]	Hop	560	888	122	depthwise3x3_z4	18x28x8	247584	0.24	103.358	103.653	222 140 32
profile	NVIDIA GeForce RTX 2080 [Vulkan DiscreteGpu; NVIDIA 580.178.04]	Hop	560	888	123	conv_k1x1_s1_ob4_wg16_px1_ic16_oc32_t4_None_false_None	9x14x8	337184	0.33	103.358	103.653	222 140 16 222 140 32 0 0 16 32
profile	NVIDIA GeForce RTX 2080 [Vulkan DiscreteGpu; NVIDIA 580.178.04]	Hop	560	888	124	depthwise3x3_z4	18x28x8	133440	0.13	103.358	103.653	222 140 32
profile	NVIDIA GeForce RTX 2080 [Vulkan DiscreteGpu; NVIDIA 580.178.04]	Hop	560	888	125	elu_gate	15540x1x1	123360	0.12	103.358	103.653	31080 994560 32 32 0 32 0 64 32
profile	NVIDIA GeForce RTX 2080 [Vulkan DiscreteGpu; NVIDIA 580.178.04]	Hop	560	888	126	conv_k1x1_s1_ob4_wg16_px1_ic64_oc16_t4_None_false_None	9x14x4	905376	0.88	103.358	103.653	222 140 64 222 140 16 0 0 64 16
profile	NVIDIA GeForce RTX 2080 [Vulkan DiscreteGpu; NVIDIA 580.178.04]	Hop	560	888	127	pw_Add	7770x1x1	59424	0.06	103.358	103.653	497280 497280
profile	NVIDIA GeForce RTX 2080 [Vulkan DiscreteGpu; NVIDIA 580.178.04]	Hop	560	888	128	layer_norm	486x1x1	239712	0.23	103.358	103.653	31080 31104 64 16
profile	NVIDIA GeForce RTX 2080 [Vulkan DiscreteGpu; NVIDIA 580.178.04]	Hop	560	888	129	conv_k1x1_s1_ob4_wg16_px1_ic16_oc48_t4_None_false_None	9x14x12	499200	0.48	103.358	103.653	222 140 16 222 140 48 0 0 16 48
profile	NVIDIA GeForce RTX 2080 [Vulkan DiscreteGpu; NVIDIA 580.178.04]	Hop	560	888	130	depthwise3x3_z4	18x28x12	318976	0.31	103.358	103.653	222 140 48
profile	NVIDIA GeForce RTX 2080 [Vulkan DiscreteGpu; NVIDIA 580.178.04]	Hop	560	888	131	gram_chunks	16x8x1	120480	0.12	103.358	103.653	31080 122 64 48 0 16 4
profile	NVIDIA GeForce RTX 2080 [Vulkan DiscreteGpu; NVIDIA 580.178.04]	Hop	560	888	132	gram_reduce	1x1x1	33152	0.03	103.358	103.653	122 64
profile	NVIDIA GeForce RTX 2080 [Vulkan DiscreteGpu; NVIDIA 580.178.04]	Hop	560	888	133	gram_chunks	16x8x1	114304	0.11	103.358	103.653	31080 122 64 48 0 0 4
profile	NVIDIA GeForce RTX 2080 [Vulkan DiscreteGpu; NVIDIA 580.178.04]	Hop	560	888	134	gram_reduce	1x1x1	32992	0.03	103.358	103.653	122 64
profile	NVIDIA GeForce RTX 2080 [Vulkan DiscreteGpu; NVIDIA 580.178.04]	Hop	560	888	135	gram_chunks	16x8x1	114272	0.11	103.358	103.653	31080 122 64 48 16 16 4
profile	NVIDIA GeForce RTX 2080 [Vulkan DiscreteGpu; NVIDIA 580.178.04]	Hop	560	888	136	gram_reduce	1x1x1	32992	0.03	103.358	103.653	122 64
profile	NVIDIA GeForce RTX 2080 [Vulkan DiscreteGpu; NVIDIA 580.178.04]	Hop	560	888	137	attention_softmax	1x1x1	9568	0.01	103.358	103.653	64 16 4
profile	NVIDIA GeForce RTX 2080 [Vulkan DiscreteGpu; NVIDIA 580.178.04]	Hop	560	888	138	attention_apply	486x1x16	496512	0.48	103.358	103.653	31080 31104 48 32 4 16
profile	NVIDIA GeForce RTX 2080 [Vulkan DiscreteGpu; NVIDIA 580.178.04]	Hop	560	888	139	conv_k1x1_s1_ob4_wg16_px1_ic16_oc16_t4_None_false_None	9x14x4	219232	0.21	103.358	103.653	222 140 16 222 140 16 0 0 16 16
profile	NVIDIA GeForce RTX 2080 [Vulkan DiscreteGpu; NVIDIA 580.178.04]	Hop	560	888	140	pw_Add	7770x1x1	59808	0.06	103.358	103.653	497280 497280
profile	NVIDIA GeForce RTX 2080 [Vulkan DiscreteGpu; NVIDIA 580.178.04]	Hop	560	888	141	layer_norm	486x1x1	238112	0.23	103.358	103.653	31080 31104 64 16
profile	NVIDIA GeForce RTX 2080 [Vulkan DiscreteGpu; NVIDIA 580.178.04]	Hop	560	888	142	conv_k1x1_s1_ob4_wg16_px1_ic16_oc32_t4_None_false_None	9x14x8	334368	0.32	103.358	103.653	222 140 16 222 140 32 0 0 16 32
profile	NVIDIA GeForce RTX 2080 [Vulkan DiscreteGpu; NVIDIA 580.178.04]	Hop	560	888	143	depthwise3x3_z4	18x28x8	247264	0.24	103.358	103.653	222 140 32
profile	NVIDIA GeForce RTX 2080 [Vulkan DiscreteGpu; NVIDIA 580.178.04]	Hop	560	888	144	conv_k1x1_s1_ob4_wg16_px1_ic16_oc32_t4_None_false_None	9x14x8	338720	0.33	103.358	103.653	222 140 16 222 140 32 0 0 16 32
profile	NVIDIA GeForce RTX 2080 [Vulkan DiscreteGpu; NVIDIA 580.178.04]	Hop	560	888	145	depthwise3x3_z4	18x28x8	134912	0.13	103.358	103.653	222 140 32
profile	NVIDIA GeForce RTX 2080 [Vulkan DiscreteGpu; NVIDIA 580.178.04]	Hop	560	888	146	elu_gate	15540x1x1	122848	0.12	103.358	103.653	31080 994560 32 32 0 32 0 64 0
profile	NVIDIA GeForce RTX 2080 [Vulkan DiscreteGpu; NVIDIA 580.178.04]	Hop	560	888	147	conv_k1x1_s1_ob4_wg16_px1_ic16_oc32_t4_None_false_None	9x14x8	363840	0.35	103.358	103.653	222 140 16 222 140 32 0 0 16 32
profile	NVIDIA GeForce RTX 2080 [Vulkan DiscreteGpu; NVIDIA 580.178.04]	Hop	560	888	148	depthwise3x3_z4	18x28x8	169344	0.16	103.358	103.653	222 140 32
profile	NVIDIA GeForce RTX 2080 [Vulkan DiscreteGpu; NVIDIA 580.178.04]	Hop	560	888	149	conv_k1x1_s1_ob4_wg16_px1_ic16_oc32_t4_None_false_None	9x14x8	363488	0.35	103.358	103.653	222 140 16 222 140 32 0 0 16 32
profile	NVIDIA GeForce RTX 2080 [Vulkan DiscreteGpu; NVIDIA 580.178.04]	Hop	560	888	150	depthwise3x3_z4	18x28x8	166784	0.16	103.358	103.653	222 140 32
profile	NVIDIA GeForce RTX 2080 [Vulkan DiscreteGpu; NVIDIA 580.178.04]	Hop	560	888	151	elu_gate	15540x1x1	122688	0.12	103.358	103.653	31080 994560 32 32 0 32 0 64 32
profile	NVIDIA GeForce RTX 2080 [Vulkan DiscreteGpu; NVIDIA 580.178.04]	Hop	560	888	152	conv_k1x1_s1_ob4_wg16_px1_ic64_oc16_t4_None_false_None	9x14x4	905760	0.88	103.358	103.653	222 140 64 222 140 16 0 0 64 16
profile	NVIDIA GeForce RTX 2080 [Vulkan DiscreteGpu; NVIDIA 580.178.04]	Hop	560	888	153	pw_Add	7770x1x1	59232	0.06	103.358	103.653	497280 497280
profile	NVIDIA GeForce RTX 2080 [Vulkan DiscreteGpu; NVIDIA 580.178.04]	Hop	560	888	154	conv_k3x3_s1_ob4_wg8_px1_ic4_oc4_t0_None_true_None	18x28x4	403936	0.39	103.358	103.653	222 140 16 222 140 16 1 1 4 4
profile	NVIDIA GeForce RTX 2080 [Vulkan DiscreteGpu; NVIDIA 580.178.04]	Hop	560	888	155	conv_k1x1_s1_ob4_wg16_px1_ic16_oc16_t4_None_false_Some(Gate)	9x14x4	212896	0.21	103.358	103.653	222 140 16 222 140 16 0 0 16 16
profile	NVIDIA GeForce RTX 2080 [Vulkan DiscreteGpu; NVIDIA 580.178.04]	Hop	560	888	156	convt_k3_s2_ob2_ic16	35x56x1	306080	0.30	103.358	103.653	222 140 16 444 280 2 1
profile	NVIDIA GeForce RTX 2080 [Vulkan DiscreteGpu; NVIDIA 580.178.04]	Hop	560	888	157	emit_2	70x111x2	32032	0.03	103.358	103.653	560 888 0 0 0 0 280 2 560 888 1
profile	NVIDIA GeForce RTX 2080 [Vulkan DiscreteGpu; NVIDIA 580.178.04]	Hop	1024	1024	0	conv_k3x3_s1_ob4_wg8_px1_ic40_oc40_t4_Relu_false_None	8x8x10	766624	0.37	208.448	207.735	64 64 40 64 64 40 1 1 40 40
profile	NVIDIA GeForce RTX 2080 [Vulkan DiscreteGpu; NVIDIA 580.178.04]	Hop	1024	1024	1	conv_k3x3_s1_ob4_wg8_px1_ic40_oc40_t4_None_false_Some(Add)	8x8x10	777056	0.37	208.448	207.735	64 64 40 64 64 40 1 1 40 40
profile	NVIDIA GeForce RTX 2080 [Vulkan DiscreteGpu; NVIDIA 580.178.04]	Hop	1024	1024	2	convt_k3_s2_ob4_ic40	16x16x8	1406432	0.67	208.448	207.735	64 64 40 128 128 32 1
profile	NVIDIA GeForce RTX 2080 [Vulkan DiscreteGpu; NVIDIA 580.178.04]	Hop	1024	1024	3	conv_k3x3_s1_ob4_wg8_px1_ic8_oc8_t4_None_true_None	16x16x8	490400	0.24	208.448	207.735	128 128 32 128 128 32 1 1 8 8
profile	NVIDIA GeForce RTX 2080 [Vulkan DiscreteGpu; NVIDIA 580.178.04]	Hop	1024	1024	4	conv_k1x1_s1_ob4_wg16_px1_ic32_oc32_t4_None_false_Some(Gate)	8x8x8	361728	0.17	208.448	207.735	128 128 32 128 128 32 0 0 32 32
profile	NVIDIA GeForce RTX 2080 [Vulkan DiscreteGpu; NVIDIA 580.178.04]	Hop	1024	1024	5	convt_k3_s2_ob4_ic32	32x32x8	4315776	2.07	208.448	207.735	128 128 32 256 256 32 1
profile	NVIDIA GeForce RTX 2080 [Vulkan DiscreteGpu; NVIDIA 580.178.04]	Hop	1024	1024	6	conv_k3x3_s1_ob4_wg16_px1_ic32_oc32_t2_Relu_false_None	16x16x8	5122528	2.46	208.448	207.735	256 256 32 256 256 32 1 1 32 32
profile	NVIDIA GeForce RTX 2080 [Vulkan DiscreteGpu; NVIDIA 580.178.04]	Hop	1024	1024	7	conv_k3x3_s1_ob4_wg16_px1_ic32_oc32_t2_None_false_Some(Add)	16x16x8	5162144	2.48	208.448	207.735	256 256 32 256 256 32 1 1 32 32
profile	NVIDIA GeForce RTX 2080 [Vulkan DiscreteGpu; NVIDIA 580.178.04]	Hop	1024	1024	8	conv_k3x3_s1_ob4_wg16_px1_ic32_oc32_t2_Relu_false_None	16x16x8	5121792	2.46	208.448	207.735	256 256 32 256 256 32 1 1 32 32
profile	NVIDIA GeForce RTX 2080 [Vulkan DiscreteGpu; NVIDIA 580.178.04]	Hop	1024	1024	9	conv_k3x3_s1_ob4_wg16_px1_ic32_oc32_t2_None_false_Some(Add)	16x16x8	5156832	2.47	208.448	207.735	256 256 32 256 256 32 1 1 32 32
profile	NVIDIA GeForce RTX 2080 [Vulkan DiscreteGpu; NVIDIA 580.178.04]	Hop	1024	1024	10	conv_k3x3_s2_ob4_wg8_px1_ic32_oc32_t2_None_false_None	16x16x8	2980320	1.43	208.448	207.735	256 256 32 128 128 32 1 1 32 32
profile	NVIDIA GeForce RTX 2080 [Vulkan DiscreteGpu; NVIDIA 580.178.04]	Hop	1024	1024	11	conv_k3x3_s1_ob4_wg16_px1_ic32_oc32_t2_Relu_false_None	8x8x8	1380224	0.66	208.448	207.735	128 128 32 128 128 32 1 1 32 32
profile	NVIDIA GeForce RTX 2080 [Vulkan DiscreteGpu; NVIDIA 580.178.04]	Hop	1024	1024	12	conv_k3x3_s1_ob4_wg16_px1_ic32_oc32_t2_None_false_Some(Add)	8x8x8	1400448	0.67	208.448	207.735	128 128 32 128 128 32 1 1 32 32
profile	NVIDIA GeForce RTX 2080 [Vulkan DiscreteGpu; NVIDIA 580.178.04]	Hop	1024	1024	13	conv_k3x3_s1_ob4_wg16_px1_ic32_oc32_t2_Relu_false_None	8x8x8	1385824	0.66	208.448	207.735	128 128 32 128 128 32 1 1 32 32
profile	NVIDIA GeForce RTX 2080 [Vulkan DiscreteGpu; NVIDIA 580.178.04]	Hop	1024	1024	14	conv_k3x3_s1_ob4_wg16_px1_ic32_oc32_t2_None_false_Some(Add)	8x8x8	1417152	0.68	208.448	207.735	128 128 32 128 128 32 1 1 32 32
profile	NVIDIA GeForce RTX 2080 [Vulkan DiscreteGpu; NVIDIA 580.178.04]	Hop	1024	1024	15	convt_k3_s2_ob4_ic32	32x32x8	4386368	2.10	208.448	207.735	128 128 32 256 256 32 1
profile	NVIDIA GeForce RTX 2080 [Vulkan DiscreteGpu; NVIDIA 580.178.04]	Hop	1024	1024	16	pw_SigmoidMulAdd	32768x1x1	323744	0.16	208.448	207.735	2097152 2097152
profile	NVIDIA GeForce RTX 2080 [Vulkan DiscreteGpu; NVIDIA 580.178.04]	Hop	1024	1024	17	conv_k3x3_s1_ob4_wg8_px1_ic8_oc8_t4_None_true_None	32x32x8	1940544	0.93	208.448	207.735	256 256 32 256 256 32 1 1 8 8
profile	NVIDIA GeForce RTX 2080 [Vulkan DiscreteGpu; NVIDIA 580.178.04]	Hop	1024	1024	18	conv_k1x1_s1_ob4_wg16_px1_ic32_oc32_t4_None_false_Some(Gate)	16x16x8	1388992	0.67	208.448	207.735	256 256 32 256 256 32 0 0 32 32
profile	NVIDIA GeForce RTX 2080 [Vulkan DiscreteGpu; NVIDIA 580.178.04]	Hop	1024	1024	19	conv_k1x1_s1_ob4_wg16_px1_ic32_oc128_t4_None_false_None	16x16x32	5147072	2.47	208.448	207.735	256 256 32 256 256 128 0 0 32 128
profile	NVIDIA GeForce RTX 2080 [Vulkan DiscreteGpu; NVIDIA 580.178.04]	Hop	1024	1024	20	pixel_shuffle_2	64x64x32	5563456	2.67	208.448	207.735	512 512 128 32 256 128
profile	NVIDIA GeForce RTX 2080 [Vulkan DiscreteGpu; NVIDIA 580.178.04]	Hop	1024	1024	21	conv_k3x3_s2_ob4_wg8_px1_ic32_oc32_t2_None_false_None	32x32x8	11493344	5.51	208.448	207.735	512 512 32 256 256 32 1 1 32 32
profile	NVIDIA GeForce RTX 2080 [Vulkan DiscreteGpu; NVIDIA 580.178.04]	Hop	1024	1024	22	layer_norm	1024x1x1	1504064	0.72	208.448	207.735	65536 65536 128 32
profile	NVIDIA GeForce RTX 2080 [Vulkan DiscreteGpu; NVIDIA 580.178.04]	Hop	1024	1024	23	conv_k1x1_s1_ob4_wg16_px1_ic32_oc96_t4_None_false_None	16x16x24	3894464	1.87	208.448	207.735	256 256 32 256 256 96 0 0 32 96
profile	NVIDIA GeForce RTX 2080 [Vulkan DiscreteGpu; NVIDIA 580.178.04]	Hop	1024	1024	24	depthwise3x3_z4	32x32x24	1472288	0.71	208.448	207.735	256 256 96
profile	NVIDIA GeForce RTX 2080 [Vulkan DiscreteGpu; NVIDIA 580.178.04]	Hop	1024	1024	25	gram_chunks	32x32x1	1622720	0.78	208.448	207.735	65536 256 256 96 0 32 8
profile	NVIDIA GeForce RTX 2080 [Vulkan DiscreteGpu; NVIDIA 580.178.04]	Hop	1024	1024	26	gram_reduce	4x1x1	102688	0.05	208.448	207.735	256 256
profile	NVIDIA GeForce RTX 2080 [Vulkan DiscreteGpu; NVIDIA 580.178.04]	Hop	1024	1024	27	gram_chunks	32x32x1	892864	0.43	208.448	207.735	65536 256 256 96 0 0 8
profile	NVIDIA GeForce RTX 2080 [Vulkan DiscreteGpu; NVIDIA 580.178.04]	Hop	1024	1024	28	gram_reduce	4x1x1	103072	0.05	208.448	207.735	256 256
profile	NVIDIA GeForce RTX 2080 [Vulkan DiscreteGpu; NVIDIA 580.178.04]	Hop	1024	1024	29	gram_chunks	32x32x1	927744	0.45	208.448	207.735	65536 256 256 96 32 32 8
profile	NVIDIA GeForce RTX 2080 [Vulkan DiscreteGpu; NVIDIA 580.178.04]	Hop	1024	1024	30	gram_reduce	4x1x1	103136	0.05	208.448	207.735	256 256
profile	NVIDIA GeForce RTX 2080 [Vulkan DiscreteGpu; NVIDIA 580.178.04]	Hop	1024	1024	31	attention_softmax	2x1x1	14816	0.01	208.448	207.735	128 32 8
profile	NVIDIA GeForce RTX 2080 [Vulkan DiscreteGpu; NVIDIA 580.178.04]	Hop	1024	1024	32	attention_apply	1024x1x32	4065792	1.95	208.448	207.735	65536 65536 96 64 8 32
profile	NVIDIA GeForce RTX 2080 [Vulkan DiscreteGpu; NVIDIA 580.178.04]	Hop	1024	1024	33	conv_k1x1_s1_ob4_wg16_px1_ic32_oc32_t4_None_false_None	16x16x8	1318080	0.63	208.448	207.735	256 256 32 256 256 32 0 0 32 32
profile	NVIDIA GeForce RTX 2080 [Vulkan DiscreteGpu; NVIDIA 580.178.04]	Hop	1024	1024	34	pw_Add	32768x1x1	246976	0.12	208.448	207.735	2097152 2097152
profile	NVIDIA GeForce RTX 2080 [Vulkan DiscreteGpu; NVIDIA 580.178.04]	Hop	1024	1024	35	layer_norm	1024x1x1	1499552	0.72	208.448	207.735	65536 65536 128 32
profile	NVIDIA GeForce RTX 2080 [Vulkan DiscreteGpu; NVIDIA 580.178.04]	Hop	1024	1024	36	conv_k1x1_s1_ob4_wg16_px1_ic32_oc64_t4_None_false_None	16x16x16	2609184	1.25	208.448	207.735	256 256 32 256 256 64 0 0 32 64
profile	NVIDIA GeForce RTX 2080 [Vulkan DiscreteGpu; NVIDIA 580.178.04]	Hop	1024	1024	37	depthwise3x3_z4	32x32x16	917024	0.44	208.448	207.735	256 256 64
profile	NVIDIA GeForce RTX 2080 [Vulkan DiscreteGpu; NVIDIA 580.178.04]	Hop	1024	1024	38	conv_k1x1_s1_ob4_wg16_px1_ic32_oc64_t4_None_false_None	16x16x16	2623424	1.26	208.448	207.735	256 256 32 256 256 64 0 0 32 64
profile	NVIDIA GeForce RTX 2080 [Vulkan DiscreteGpu; NVIDIA 580.178.04]	Hop	1024	1024	39	depthwise3x3_z4	32x32x16	927936	0.45	208.448	207.735	256 256 64
profile	NVIDIA GeForce RTX 2080 [Vulkan DiscreteGpu; NVIDIA 580.178.04]	Hop	1024	1024	40	elu_gate	32768x2x1	495008	0.24	208.448	207.735	65536 2097152 64 64 0 64 0 128 0
profile	NVIDIA GeForce RTX 2080 [Vulkan DiscreteGpu; NVIDIA 580.178.04]	Hop	1024	1024	41	conv_k1x1_s1_ob4_wg16_px1_ic32_oc64_t4_None_false_None	16x16x16	2608640	1.25	208.448	207.735	256 256 32 256 256 64 0 0 32 64
profile	NVIDIA GeForce RTX 2080 [Vulkan DiscreteGpu; NVIDIA 580.178.04]	Hop	1024	1024	42	depthwise3x3_z4	32x32x16	913984	0.44	208.448	207.735	256 256 64
profile	NVIDIA GeForce RTX 2080 [Vulkan DiscreteGpu; NVIDIA 580.178.04]	Hop	1024	1024	43	conv_k1x1_s1_ob4_wg16_px1_ic32_oc64_t4_None_false_None	16x16x16	2617632	1.26	208.448	207.735	256 256 32 256 256 64 0 0 32 64
profile	NVIDIA GeForce RTX 2080 [Vulkan DiscreteGpu; NVIDIA 580.178.04]	Hop	1024	1024	44	depthwise3x3_z4	32x32x16	913280	0.44	208.448	207.735	256 256 64
profile	NVIDIA GeForce RTX 2080 [Vulkan DiscreteGpu; NVIDIA 580.178.04]	Hop	1024	1024	45	elu_gate	32768x2x1	495104	0.24	208.448	207.735	65536 2097152 64 64 0 64 0 128 64
profile	NVIDIA GeForce RTX 2080 [Vulkan DiscreteGpu; NVIDIA 580.178.04]	Hop	1024	1024	46	conv_k1x1_s1_ob4_wg16_px1_ic128_oc32_t4_None_false_None	16x16x8	5219936	2.50	208.448	207.735	256 256 128 256 256 32 0 0 128 32
profile	NVIDIA GeForce RTX 2080 [Vulkan DiscreteGpu; NVIDIA 580.178.04]	Hop	1024	1024	47	pw_Add	32768x1x1	246080	0.12	208.448	207.735	2097152 2097152
profile	NVIDIA GeForce RTX 2080 [Vulkan DiscreteGpu; NVIDIA 580.178.04]	Hop	1024	1024	48	layer_norm	1024x1x1	1497472	0.72	208.448	207.735	65536 65536 128 32
profile	NVIDIA GeForce RTX 2080 [Vulkan DiscreteGpu; NVIDIA 580.178.04]	Hop	1024	1024	49	conv_k1x1_s1_ob4_wg16_px1_ic32_oc96_t4_None_false_None	16x16x24	3890464	1.87	208.448	207.735	256 256 32 256 256 96 0 0 32 96
profile	NVIDIA GeForce RTX 2080 [Vulkan DiscreteGpu; NVIDIA 580.178.04]	Hop	1024	1024	50	depthwise3x3_z4	32x32x24	1470016	0.71	208.448	207.735	256 256 96
profile	NVIDIA GeForce RTX 2080 [Vulkan DiscreteGpu; NVIDIA 580.178.04]	Hop	1024	1024	51	gram_chunks	32x32x1	1582848	0.76	208.448	207.735	65536 256 256 96 0 32 8
profile	NVIDIA GeForce RTX 2080 [Vulkan DiscreteGpu; NVIDIA 580.178.04]	Hop	1024	1024	52	gram_reduce	4x1x1	102848	0.05	208.448	207.735	256 256
profile	NVIDIA GeForce RTX 2080 [Vulkan DiscreteGpu; NVIDIA 580.178.04]	Hop	1024	1024	53	gram_chunks	32x32x1	881536	0.42	208.448	207.735	65536 256 256 96 0 0 8
profile	NVIDIA GeForce RTX 2080 [Vulkan DiscreteGpu; NVIDIA 580.178.04]	Hop	1024	1024	54	gram_reduce	4x1x1	103072	0.05	208.448	207.735	256 256
profile	NVIDIA GeForce RTX 2080 [Vulkan DiscreteGpu; NVIDIA 580.178.04]	Hop	1024	1024	55	gram_chunks	32x32x1	941888	0.45	208.448	207.735	65536 256 256 96 32 32 8
profile	NVIDIA GeForce RTX 2080 [Vulkan DiscreteGpu; NVIDIA 580.178.04]	Hop	1024	1024	56	gram_reduce	4x1x1	102848	0.05	208.448	207.735	256 256
profile	NVIDIA GeForce RTX 2080 [Vulkan DiscreteGpu; NVIDIA 580.178.04]	Hop	1024	1024	57	attention_softmax	2x1x1	15392	0.01	208.448	207.735	128 32 8
profile	NVIDIA GeForce RTX 2080 [Vulkan DiscreteGpu; NVIDIA 580.178.04]	Hop	1024	1024	58	attention_apply	1024x1x32	4080192	1.96	208.448	207.735	65536 65536 96 64 8 32
profile	NVIDIA GeForce RTX 2080 [Vulkan DiscreteGpu; NVIDIA 580.178.04]	Hop	1024	1024	59	conv_k1x1_s1_ob4_wg16_px1_ic32_oc32_t4_None_false_None	16x16x8	1315808	0.63	208.448	207.735	256 256 32 256 256 32 0 0 32 32
profile	NVIDIA GeForce RTX 2080 [Vulkan DiscreteGpu; NVIDIA 580.178.04]	Hop	1024	1024	60	pw_Add	32768x1x1	247040	0.12	208.448	207.735	2097152 2097152
profile	NVIDIA GeForce RTX 2080 [Vulkan DiscreteGpu; NVIDIA 580.178.04]	Hop	1024	1024	61	layer_norm	1024x1x1	1505760	0.72	208.448	207.735	65536 65536 128 32
profile	NVIDIA GeForce RTX 2080 [Vulkan DiscreteGpu; NVIDIA 580.178.04]	Hop	1024	1024	62	conv_k1x1_s1_ob4_wg16_px1_ic32_oc64_t4_None_false_None	16x16x16	2604288	1.25	208.448	207.735	256 256 32 256 256 64 0 0 32 64
profile	NVIDIA GeForce RTX 2080 [Vulkan DiscreteGpu; NVIDIA 580.178.04]	Hop	1024	1024	63	depthwise3x3_z4	32x32x16	912224	0.44	208.448	207.735	256 256 64
profile	NVIDIA GeForce RTX 2080 [Vulkan DiscreteGpu; NVIDIA 580.178.04]	Hop	1024	1024	64	conv_k1x1_s1_ob4_wg16_px1_ic32_oc64_t4_None_false_None	16x16x16	2616224	1.26	208.448	207.735	256 256 32 256 256 64 0 0 32 64
profile	NVIDIA GeForce RTX 2080 [Vulkan DiscreteGpu; NVIDIA 580.178.04]	Hop	1024	1024	65	depthwise3x3_z4	32x32x16	917728	0.44	208.448	207.735	256 256 64
profile	NVIDIA GeForce RTX 2080 [Vulkan DiscreteGpu; NVIDIA 580.178.04]	Hop	1024	1024	66	elu_gate	32768x2x1	495232	0.24	208.448	207.735	65536 2097152 64 64 0 64 0 128 0
profile	NVIDIA GeForce RTX 2080 [Vulkan DiscreteGpu; NVIDIA 580.178.04]	Hop	1024	1024	67	conv_k1x1_s1_ob4_wg16_px1_ic32_oc64_t4_None_false_None	16x16x16	2635936	1.26	208.448	207.735	256 256 32 256 256 64 0 0 32 64
profile	NVIDIA GeForce RTX 2080 [Vulkan DiscreteGpu; NVIDIA 580.178.04]	Hop	1024	1024	68	depthwise3x3_z4	32x32x16	919136	0.44	208.448	207.735	256 256 64
profile	NVIDIA GeForce RTX 2080 [Vulkan DiscreteGpu; NVIDIA 580.178.04]	Hop	1024	1024	69	conv_k1x1_s1_ob4_wg16_px1_ic32_oc64_t4_None_false_None	16x16x16	2636928	1.27	208.448	207.735	256 256 32 256 256 64 0 0 32 64
profile	NVIDIA GeForce RTX 2080 [Vulkan DiscreteGpu; NVIDIA 580.178.04]	Hop	1024	1024	70	depthwise3x3_z4	32x32x16	928256	0.45	208.448	207.735	256 256 64
profile	NVIDIA GeForce RTX 2080 [Vulkan DiscreteGpu; NVIDIA 580.178.04]	Hop	1024	1024	71	elu_gate	32768x2x1	495200	0.24	208.448	207.735	65536 2097152 64 64 0 64 0 128 64
profile	NVIDIA GeForce RTX 2080 [Vulkan DiscreteGpu; NVIDIA 580.178.04]	Hop	1024	1024	72	conv_k1x1_s1_ob4_wg16_px1_ic128_oc32_t4_None_false_None	16x16x8	5215488	2.50	208.448	207.735	256 256 128 256 256 32 0 0 128 32
profile	NVIDIA GeForce RTX 2080 [Vulkan DiscreteGpu; NVIDIA 580.178.04]	Hop	1024	1024	73	pw_Add	32768x1x1	246048	0.12	208.448	207.735	2097152 2097152
profile	NVIDIA GeForce RTX 2080 [Vulkan DiscreteGpu; NVIDIA 580.178.04]	Hop	1024	1024	74	convt_k3_s2_ob4_ic32	64x64x8	17123008	8.21	208.448	207.735	256 256 32 512 512 32 1
profile	NVIDIA GeForce RTX 2080 [Vulkan DiscreteGpu; NVIDIA 580.178.04]	Hop	1024	1024	75	conv_k3x3_s1_ob4_wg8_px1_ic8_oc8_t4_None_true_None	64x64x8	7587040	3.64	208.448	207.735	512 512 32 512 512 32 1 1 8 8
profile	NVIDIA GeForce RTX 2080 [Vulkan DiscreteGpu; NVIDIA 580.178.04]	Hop	1024	1024	76	conv_k1x1_s1_ob4_wg16_px1_ic32_oc32_t4_None_false_Some(Gate)	32x32x8	5360320	2.57	208.448	207.735	512 512 32 512 512 32 0 0 32 32
profile	NVIDIA GeForce RTX 2080 [Vulkan DiscreteGpu; NVIDIA 580.178.04]	Hop	1024	1024	77	convt_k3_s2_ob1_ic32	128x128x1	3185312	1.53	208.448	207.735	512 512 32 1024 1024 1 1
profile	NVIDIA GeForce RTX 2080 [Vulkan DiscreteGpu; NVIDIA 580.178.04]	Hop	1024	1024	78	emit_1	128x128x1	53504	0.03	208.448	207.735	1024 1024 0 0 0 0 1024 1 1024 1024 0
profile	NVIDIA GeForce RTX 2080 [Vulkan DiscreteGpu; NVIDIA 580.178.04]	Hop	1024	1024	79	copy_channels	8x8x1	22720	0.01	208.448	207.735	64 64 40 64 40 0 0 0 64 64 0
profile	NVIDIA GeForce RTX 2080 [Vulkan DiscreteGpu; NVIDIA 580.178.04]	Hop	1024	1024	80	copy_channels	8x8x1	15136	0.01	208.448	207.735	64 64 24 64 24 0 0 0 64 64 40
profile	NVIDIA GeForce RTX 2080 [Vulkan DiscreteGpu; NVIDIA 580.178.04]	Hop	1024	1024	81	conv_k3x3_s1_ob4_wg8_px1_ic64_oc12_t4_None_false_None	8x8x3	518112	0.25	208.448	207.735	64 64 64 64 64 12 1 1 64 12
profile	NVIDIA GeForce RTX 2080 [Vulkan DiscreteGpu; NVIDIA 580.178.04]	Hop	1024	1024	82	copy_channels	8x8x1	7360	0.00	208.448	207.735	64 64 12 64 12 0 0 0 64 36 0
profile	NVIDIA GeForce RTX 2080 [Vulkan DiscreteGpu; NVIDIA 580.178.04]	Hop	1024	1024	83	copy_channels	8x8x1	14560	0.01	208.448	207.735	64 64 24 64 24 0 0 0 64 36 12
profile	NVIDIA GeForce RTX 2080 [Vulkan DiscreteGpu; NVIDIA 580.178.04]	Hop	1024	1024	84	convt_k3_s2_ob4_ic36	16x16x4	645920	0.31	208.448	207.735	64 64 36 128 128 16 1
profile	NVIDIA GeForce RTX 2080 [Vulkan DiscreteGpu; NVIDIA 580.178.04]	Hop	1024	1024	85	conv_k3x3_s1_ob4_wg16_px1_ic16_oc16_t2_Relu_false_None	8x8x4	368128	0.18	208.448	207.735	128 128 16 128 128 16 1 1 16 16
profile	NVIDIA GeForce RTX 2080 [Vulkan DiscreteGpu; NVIDIA 580.178.04]	Hop	1024	1024	86	conv_k3x3_s1_ob4_wg16_px1_ic16_oc16_t2_None_false_Some(Add)	8x8x4	375904	0.18	208.448	207.735	128 128 16 128 128 16 1 1 16 16
profile	NVIDIA GeForce RTX 2080 [Vulkan DiscreteGpu; NVIDIA 580.178.04]	Hop	1024	1024	87	conv_k3x3_s1_ob4_wg16_px1_ic16_oc16_t2_Relu_false_None	8x8x4	367872	0.18	208.448	207.735	128 128 16 128 128 16 1 1 16 16
profile	NVIDIA GeForce RTX 2080 [Vulkan DiscreteGpu; NVIDIA 580.178.04]	Hop	1024	1024	88	conv_k3x3_s1_ob4_wg16_px1_ic16_oc16_t2_None_false_Some(Add)	8x8x4	375296	0.18	208.448	207.735	128 128 16 128 128 16 1 1 16 16
profile	NVIDIA GeForce RTX 2080 [Vulkan DiscreteGpu; NVIDIA 580.178.04]	Hop	1024	1024	89	conv_k3x3_s2_ob4_wg8_px1_ic16_oc16_t2_None_false_None	8x8x4	238400	0.11	208.448	207.735	128 128 16 64 64 16 1 1 16 16
profile	NVIDIA GeForce RTX 2080 [Vulkan DiscreteGpu; NVIDIA 580.178.04]	Hop	1024	1024	90	conv_k3x3_s1_ob4_wg8_px1_ic16_oc16_t4_Relu_false_None	8x8x4	154016	0.07	208.448	207.735	64 64 16 64 64 16 1 1 16 16
profile	NVIDIA GeForce RTX 2080 [Vulkan DiscreteGpu; NVIDIA 580.178.04]	Hop	1024	1024	91	conv_k3x3_s1_ob4_wg8_px1_ic16_oc16_t4_None_false_Some(Add)	8x8x4	152768	0.07	208.448	207.735	64 64 16 64 64 16 1 1 16 16
profile	NVIDIA GeForce RTX 2080 [Vulkan DiscreteGpu; NVIDIA 580.178.04]	Hop	1024	1024	92	conv_k3x3_s1_ob4_wg8_px1_ic16_oc16_t4_Relu_false_None	8x8x4	145952	0.07	208.448	207.735	64 64 16 64 64 16 1 1 16 16
profile	NVIDIA GeForce RTX 2080 [Vulkan DiscreteGpu; NVIDIA 580.178.04]	Hop	1024	1024	93	conv_k3x3_s1_ob4_wg8_px1_ic16_oc16_t4_None_false_Some(Add)	8x8x4	148000	0.07	208.448	207.735	64 64 16 64 64 16 1 1 16 16
profile	NVIDIA GeForce RTX 2080 [Vulkan DiscreteGpu; NVIDIA 580.178.04]	Hop	1024	1024	94	convt_k3_s2_ob4_ic16	16x16x4	300928	0.14	208.448	207.735	64 64 16 128 128 16 1
profile	NVIDIA GeForce RTX 2080 [Vulkan DiscreteGpu; NVIDIA 580.178.04]	Hop	1024	1024	95	pw_SigmoidMulAdd	4096x1x1	41856	0.02	208.448	207.735	262144 262144
profile	NVIDIA GeForce RTX 2080 [Vulkan DiscreteGpu; NVIDIA 580.178.04]	Hop	1024	1024	96	conv_k3x3_s1_ob4_wg8_px1_ic4_oc4_t0_None_true_None	16x16x4	202080	0.10	208.448	207.735	128 128 16 128 128 16 1 1 4 4
profile	NVIDIA GeForce RTX 2080 [Vulkan DiscreteGpu; NVIDIA 580.178.04]	Hop	1024	1024	97	conv_k1x1_s1_ob4_wg16_px1_ic16_oc16_t4_None_false_Some(Gate)	8x8x4	106240	0.05	208.448	207.735	128 128 16 128 128 16 0 0 16 16
profile	NVIDIA GeForce RTX 2080 [Vulkan DiscreteGpu; NVIDIA 580.178.04]	Hop	1024	1024	98	conv_k1x1_s1_ob4_wg16_px1_ic16_oc64_t4_None_false_None	8x8x16	343040	0.16	208.448	207.735	128 128 16 128 128 64 0 0 16 64
profile	NVIDIA GeForce RTX 2080 [Vulkan DiscreteGpu; NVIDIA 580.178.04]	Hop	1024	1024	99	pixel_shuffle_2	32x32x16	642528	0.31	208.448	207.735	256 256 64 16 128 64
profile	NVIDIA GeForce RTX 2080 [Vulkan DiscreteGpu; NVIDIA 580.178.04]	Hop	1024	1024	100	layer_norm	1024x1x1	623392	0.30	208.448	207.735	65536 65536 64 16
profile	NVIDIA GeForce RTX 2080 [Vulkan DiscreteGpu; NVIDIA 580.178.04]	Hop	1024	1024	101	conv_k1x1_s1_ob4_wg16_px1_ic16_oc48_t4_None_false_None	16x16x12	997344	0.48	208.448	207.735	256 256 16 256 256 48 0 0 16 48
profile	NVIDIA GeForce RTX 2080 [Vulkan DiscreteGpu; NVIDIA 580.178.04]	Hop	1024	1024	102	depthwise3x3_z4	32x32x12	671648	0.32	208.448	207.735	256 256 48
profile	NVIDIA GeForce RTX 2080 [Vulkan DiscreteGpu; NVIDIA 580.178.04]	Hop	1024	1024	103	gram_chunks	32x8x1	219200	0.11	208.448	207.735	65536 256 64 48 0 16 4
profile	NVIDIA GeForce RTX 2080 [Vulkan DiscreteGpu; NVIDIA 580.178.04]	Hop	1024	1024	104	gram_reduce	1x1x1	95712	0.05	208.448	207.735	256 64
profile	NVIDIA GeForce RTX 2080 [Vulkan DiscreteGpu; NVIDIA 580.178.04]	Hop	1024	1024	105	gram_chunks	32x8x1	218176	0.10	208.448	207.735	65536 256 64 48 0 0 4
profile	NVIDIA GeForce RTX 2080 [Vulkan DiscreteGpu; NVIDIA 580.178.04]	Hop	1024	1024	106	gram_reduce	1x1x1	94592	0.05	208.448	207.735	256 64
profile	NVIDIA GeForce RTX 2080 [Vulkan DiscreteGpu; NVIDIA 580.178.04]	Hop	1024	1024	107	gram_chunks	32x8x1	217536	0.10	208.448	207.735	65536 256 64 48 16 16 4
profile	NVIDIA GeForce RTX 2080 [Vulkan DiscreteGpu; NVIDIA 580.178.04]	Hop	1024	1024	108	gram_reduce	1x1x1	95648	0.05	208.448	207.735	256 64
profile	NVIDIA GeForce RTX 2080 [Vulkan DiscreteGpu; NVIDIA 580.178.04]	Hop	1024	1024	109	attention_softmax	1x1x1	9632	0.00	208.448	207.735	64 16 4
profile	NVIDIA GeForce RTX 2080 [Vulkan DiscreteGpu; NVIDIA 580.178.04]	Hop	1024	1024	110	attention_apply	1024x1x16	1143232	0.55	208.448	207.735	65536 65536 48 32 4 16
profile	NVIDIA GeForce RTX 2080 [Vulkan DiscreteGpu; NVIDIA 580.178.04]	Hop	1024	1024	111	conv_k1x1_s1_ob4_wg16_px1_ic16_oc16_t4_None_false_None	16x16x4	348832	0.17	208.448	207.735	256 256 16 256 256 16 0 0 16 16
profile	NVIDIA GeForce RTX 2080 [Vulkan DiscreteGpu; NVIDIA 580.178.04]	Hop	1024	1024	112	pw_Add	16384x1x1	123680	0.06	208.448	207.735	1048576 1048576
profile	NVIDIA GeForce RTX 2080 [Vulkan DiscreteGpu; NVIDIA 580.178.04]	Hop	1024	1024	113	layer_norm	1024x1x1	624768	0.30	208.448	207.735	65536 65536 64 16
profile	NVIDIA GeForce RTX 2080 [Vulkan DiscreteGpu; NVIDIA 580.178.04]	Hop	1024	1024	114	conv_k1x1_s1_ob4_wg16_px1_ic16_oc32_t4_None_false_None	16x16x8	668288	0.32	208.448	207.735	256 256 16 256 256 32 0 0 16 32
profile	NVIDIA GeForce RTX 2080 [Vulkan DiscreteGpu; NVIDIA 580.178.04]	Hop	1024	1024	115	depthwise3x3_z4	32x32x8	301760	0.14	208.448	207.735	256 256 32
profile	NVIDIA GeForce RTX 2080 [Vulkan DiscreteGpu; NVIDIA 580.178.04]	Hop	1024	1024	116	conv_k1x1_s1_ob4_wg16_px1_ic16_oc32_t4_None_false_None	16x16x8	667552	0.32	208.448	207.735	256 256 16 256 256 32 0 0 16 32
profile	NVIDIA GeForce RTX 2080 [Vulkan DiscreteGpu; NVIDIA 580.178.04]	Hop	1024	1024	117	depthwise3x3_z4	32x32x8	293760	0.14	208.448	207.735	256 256 32
profile	NVIDIA GeForce RTX 2080 [Vulkan DiscreteGpu; NVIDIA 580.178.04]	Hop	1024	1024	118	elu_gate	32768x1x1	255168	0.12	208.448	207.735	65536 2097152 32 32 0 32 0 64 0
profile	NVIDIA GeForce RTX 2080 [Vulkan DiscreteGpu; NVIDIA 580.178.04]	Hop	1024	1024	119	conv_k1x1_s1_ob4_wg16_px1_ic16_oc32_t4_None_false_None	16x16x8	669600	0.32	208.448	207.735	256 256 16 256 256 32 0 0 16 32
profile	NVIDIA GeForce RTX 2080 [Vulkan DiscreteGpu; NVIDIA 580.178.04]	Hop	1024	1024	120	depthwise3x3_z4	32x32x8	291040	0.14	208.448	207.735	256 256 32
profile	NVIDIA GeForce RTX 2080 [Vulkan DiscreteGpu; NVIDIA 580.178.04]	Hop	1024	1024	121	conv_k1x1_s1_ob4_wg16_px1_ic16_oc32_t4_None_false_None	16x16x8	668384	0.32	208.448	207.735	256 256 16 256 256 32 0 0 16 32
profile	NVIDIA GeForce RTX 2080 [Vulkan DiscreteGpu; NVIDIA 580.178.04]	Hop	1024	1024	122	depthwise3x3_z4	32x32x8	292608	0.14	208.448	207.735	256 256 32
profile	NVIDIA GeForce RTX 2080 [Vulkan DiscreteGpu; NVIDIA 580.178.04]	Hop	1024	1024	123	elu_gate	32768x1x1	254368	0.12	208.448	207.735	65536 2097152 32 32 0 32 0 64 32
profile	NVIDIA GeForce RTX 2080 [Vulkan DiscreteGpu; NVIDIA 580.178.04]	Hop	1024	1024	124	conv_k1x1_s1_ob4_wg16_px1_ic64_oc16_t4_None_false_None	16x16x4	1840672	0.88	208.448	207.735	256 256 64 256 256 16 0 0 64 16
profile	NVIDIA GeForce RTX 2080 [Vulkan DiscreteGpu; NVIDIA 580.178.04]	Hop	1024	1024	125	pw_Add	16384x1x1	123776	0.06	208.448	207.735	1048576 1048576
profile	NVIDIA GeForce RTX 2080 [Vulkan DiscreteGpu; NVIDIA 580.178.04]	Hop	1024	1024	126	layer_norm	1024x1x1	616480	0.30	208.448	207.735	65536 65536 64 16
profile	NVIDIA GeForce RTX 2080 [Vulkan DiscreteGpu; NVIDIA 580.178.04]	Hop	1024	1024	127	conv_k1x1_s1_ob4_wg16_px1_ic16_oc48_t4_None_false_None	16x16x12	1002272	0.48	208.448	207.735	256 256 16 256 256 48 0 0 16 48
profile	NVIDIA GeForce RTX 2080 [Vulkan DiscreteGpu; NVIDIA 580.178.04]	Hop	1024	1024	128	depthwise3x3_z4	32x32x12	668704	0.32	208.448	207.735	256 256 48
profile	NVIDIA GeForce RTX 2080 [Vulkan DiscreteGpu; NVIDIA 580.178.04]	Hop	1024	1024	129	gram_chunks	32x8x1	219104	0.11	208.448	207.735	65536 256 64 48 0 16 4
profile	NVIDIA GeForce RTX 2080 [Vulkan DiscreteGpu; NVIDIA 580.178.04]	Hop	1024	1024	130	gram_reduce	1x1x1	94944	0.05	208.448	207.735	256 64
profile	NVIDIA GeForce RTX 2080 [Vulkan DiscreteGpu; NVIDIA 580.178.04]	Hop	1024	1024	131	gram_chunks	32x8x1	217408	0.10	208.448	207.735	65536 256 64 48 0 0 4
profile	NVIDIA GeForce RTX 2080 [Vulkan DiscreteGpu; NVIDIA 580.178.04]	Hop	1024	1024	132	gram_reduce	1x1x1	95328	0.05	208.448	207.735	256 64
profile	NVIDIA GeForce RTX 2080 [Vulkan DiscreteGpu; NVIDIA 580.178.04]	Hop	1024	1024	133	gram_chunks	32x8x1	217472	0.10	208.448	207.735	65536 256 64 48 16 16 4
profile	NVIDIA GeForce RTX 2080 [Vulkan DiscreteGpu; NVIDIA 580.178.04]	Hop	1024	1024	134	gram_reduce	1x1x1	94976	0.05	208.448	207.735	256 64
profile	NVIDIA GeForce RTX 2080 [Vulkan DiscreteGpu; NVIDIA 580.178.04]	Hop	1024	1024	135	attention_softmax	1x1x1	9824	0.00	208.448	207.735	64 16 4
profile	NVIDIA GeForce RTX 2080 [Vulkan DiscreteGpu; NVIDIA 580.178.04]	Hop	1024	1024	136	attention_apply	1024x1x16	1141728	0.55	208.448	207.735	65536 65536 48 32 4 16
profile	NVIDIA GeForce RTX 2080 [Vulkan DiscreteGpu; NVIDIA 580.178.04]	Hop	1024	1024	137	conv_k1x1_s1_ob4_wg16_px1_ic16_oc16_t4_None_false_None	16x16x4	349728	0.17	208.448	207.735	256 256 16 256 256 16 0 0 16 16
profile	NVIDIA GeForce RTX 2080 [Vulkan DiscreteGpu; NVIDIA 580.178.04]	Hop	1024	1024	138	pw_Add	16384x1x1	123776	0.06	208.448	207.735	1048576 1048576
profile	NVIDIA GeForce RTX 2080 [Vulkan DiscreteGpu; NVIDIA 580.178.04]	Hop	1024	1024	139	layer_norm	1024x1x1	619616	0.30	208.448	207.735	65536 65536 64 16
profile	NVIDIA GeForce RTX 2080 [Vulkan DiscreteGpu; NVIDIA 580.178.04]	Hop	1024	1024	140	conv_k1x1_s1_ob4_wg16_px1_ic16_oc32_t4_None_false_None	16x16x8	668032	0.32	208.448	207.735	256 256 16 256 256 32 0 0 16 32
profile	NVIDIA GeForce RTX 2080 [Vulkan DiscreteGpu; NVIDIA 580.178.04]	Hop	1024	1024	141	depthwise3x3_z4	32x32x8	293664	0.14	208.448	207.735	256 256 32
profile	NVIDIA GeForce RTX 2080 [Vulkan DiscreteGpu; NVIDIA 580.178.04]	Hop	1024	1024	142	conv_k1x1_s1_ob4_wg16_px1_ic16_oc32_t4_None_false_None	16x16x8	667584	0.32	208.448	207.735	256 256 16 256 256 32 0 0 16 32
profile	NVIDIA GeForce RTX 2080 [Vulkan DiscreteGpu; NVIDIA 580.178.04]	Hop	1024	1024	143	depthwise3x3_z4	32x32x8	300800	0.14	208.448	207.735	256 256 32
profile	NVIDIA GeForce RTX 2080 [Vulkan DiscreteGpu; NVIDIA 580.178.04]	Hop	1024	1024	144	elu_gate	32768x1x1	254240	0.12	208.448	207.735	65536 2097152 32 32 0 32 0 64 0
profile	NVIDIA GeForce RTX 2080 [Vulkan DiscreteGpu; NVIDIA 580.178.04]	Hop	1024	1024	145	conv_k1x1_s1_ob4_wg16_px1_ic16_oc32_t4_None_false_None	16x16x8	668128	0.32	208.448	207.735	256 256 16 256 256 32 0 0 16 32
profile	NVIDIA GeForce RTX 2080 [Vulkan DiscreteGpu; NVIDIA 580.178.04]	Hop	1024	1024	146	depthwise3x3_z4	32x32x8	306208	0.15	208.448	207.735	256 256 32
profile	NVIDIA GeForce RTX 2080 [Vulkan DiscreteGpu; NVIDIA 580.178.04]	Hop	1024	1024	147	conv_k1x1_s1_ob4_wg16_px1_ic16_oc32_t4_None_false_None	16x16x8	667648	0.32	208.448	207.735	256 256 16 256 256 32 0 0 16 32
profile	NVIDIA GeForce RTX 2080 [Vulkan DiscreteGpu; NVIDIA 580.178.04]	Hop	1024	1024	148	depthwise3x3_z4	32x32x8	293632	0.14	208.448	207.735	256 256 32
profile	NVIDIA GeForce RTX 2080 [Vulkan DiscreteGpu; NVIDIA 580.178.04]	Hop	1024	1024	149	elu_gate	32768x1x1	254848	0.12	208.448	207.735	65536 2097152 32 32 0 32 0 64 32
profile	NVIDIA GeForce RTX 2080 [Vulkan DiscreteGpu; NVIDIA 580.178.04]	Hop	1024	1024	150	conv_k1x1_s1_ob4_wg16_px1_ic64_oc16_t4_None_false_None	16x16x4	1825184	0.88	208.448	207.735	256 256 64 256 256 16 0 0 64 16
profile	NVIDIA GeForce RTX 2080 [Vulkan DiscreteGpu; NVIDIA 580.178.04]	Hop	1024	1024	151	pw_Add	16384x1x1	124064	0.06	208.448	207.735	1048576 1048576
profile	NVIDIA GeForce RTX 2080 [Vulkan DiscreteGpu; NVIDIA 580.178.04]	Hop	1024	1024	152	conv_k3x3_s1_ob4_wg8_px1_ic4_oc4_t0_None_true_None	32x32x4	1066560	0.51	208.448	207.735	256 256 16 256 256 16 1 1 4 4
profile	NVIDIA GeForce RTX 2080 [Vulkan DiscreteGpu; NVIDIA 580.178.04]	Hop	1024	1024	153	conv_k1x1_s1_ob4_wg16_px1_ic16_oc16_t4_None_false_Some(Gate)	16x16x4	382976	0.18	208.448	207.735	256 256 16 256 256 16 0 0 16 16
profile	NVIDIA GeForce RTX 2080 [Vulkan DiscreteGpu; NVIDIA 580.178.04]	Hop	1024	1024	154	convt_k3_s2_ob2_ic16	64x64x1	628608	0.30	208.448	207.735	256 256 16 512 512 2 1
profile	NVIDIA GeForce RTX 2080 [Vulkan DiscreteGpu; NVIDIA 580.178.04]	Hop	1024	1024	155	emit_2	128x128x2	63648	0.03	208.448	207.735	1024 1024 0 0 0 0 512 2 1024 1024 1
profile	NVIDIA GeForce RTX 2080 [Vulkan DiscreteGpu; NVIDIA 580.178.04]	Bop	560	888	0	conv_k3x3_s1_ob4_wg8_px1_ic40_oc40_t4_Relu_false_Some(Add)	5x7x10	391360	5.35	7.321	7.278	56 35 40 56 35 40 1 1 40 40
profile	NVIDIA GeForce RTX 2080 [Vulkan DiscreteGpu; NVIDIA 580.178.04]	Bop	560	888	1	convt_k4_s2_ob4_ic40	9x14x4	574432	7.85	7.321	7.278	56 35 40 112 70 16 1
profile	NVIDIA GeForce RTX 2080 [Vulkan DiscreteGpu; NVIDIA 580.178.04]	Bop	560	888	2	conv_k3x3_s1_ob4_wg8_px1_ic4_oc4_t0_None_true_None	9x14x4	95232	1.30	7.321	7.278	112 70 16 112 70 16 1 1 4 4
profile	NVIDIA GeForce RTX 2080 [Vulkan DiscreteGpu; NVIDIA 580.178.04]	Bop	560	888	3	conv_k1x1_s1_ob4_wg8_px1_ic16_oc16_t4_None_false_Some(Gate)	9x14x4	51936	0.71	7.321	7.278	112 70 16 112 70 16 0 0 16 16
profile	NVIDIA GeForce RTX 2080 [Vulkan DiscreteGpu; NVIDIA 580.178.04]	Bop	560	888	4	copy_channels	9x14x1	14816	0.20	7.321	7.278	111 70 16 70 16 0 0 0 70 16 0
profile	NVIDIA GeForce RTX 2080 [Vulkan DiscreteGpu; NVIDIA 580.178.04]	Bop	560	888	5	convt_k4_s2_ob4_ic16	18x28x4	903488	12.34	7.321	7.278	111 70 16 222 140 16 1
profile	NVIDIA GeForce RTX 2080 [Vulkan DiscreteGpu; NVIDIA 580.178.04]	Bop	560	888	6	conv_k3x3_s1_ob4_wg8_px1_ic4_oc4_t0_None_true_None	18x28x4	474080	6.48	7.321	7.278	222 140 16 222 140 16 1 1 4 4
profile	NVIDIA GeForce RTX 2080 [Vulkan DiscreteGpu; NVIDIA 580.178.04]	Bop	560	888	7	conv_k1x1_s1_ob4_wg16_px1_ic16_oc16_t4_None_false_Some(Gate)	9x14x4	258048	3.52	7.321	7.278	222 140 16 222 140 16 0 0 16 16
profile	NVIDIA GeForce RTX 2080 [Vulkan DiscreteGpu; NVIDIA 580.178.04]	Bop	560	888	8	conv_k3x3_s1_ob4_wg16_px1_ic16_oc24_t2_None_false_None	9x14x6	975136	13.32	7.321	7.278	222 140 16 222 140 24 1 1 16 24
profile	NVIDIA GeForce RTX 2080 [Vulkan DiscreteGpu; NVIDIA 580.178.04]	Bop	560	888	9	conv_k3x3_s1_ob4_wg8_px1_ic4_oc4_t0_None_true_None	18x28x6	927904	12.68	7.321	7.278	222 140 24 222 140 24 1 1 4 4
profile	NVIDIA GeForce RTX 2080 [Vulkan DiscreteGpu; NVIDIA 580.178.04]	Bop	560	888	10	conv_k1x1_s1_ob4_wg16_px1_ic24_oc24_t4_None_false_Some(Gate)	9x14x6	548800	7.50	7.321	7.278	222 140 24 222 140 24 0 0 24 24
profile	NVIDIA GeForce RTX 2080 [Vulkan DiscreteGpu; NVIDIA 580.178.04]	Bop	560	888	11	conv_k1x1_s1_ob4_wg16_px1_ic24_oc4_t4_None_false_None	9x14x1	99456	1.36	7.321	7.278	222 140 24 222 140 4 0 0 24 4
profile	NVIDIA GeForce RTX 2080 [Vulkan DiscreteGpu; NVIDIA 580.178.04]	Bop	560	888	12	emit_4	70x111x1	11520	0.16	7.321	7.278	560 888 0 0 0 0 140 4 560 888 0
profile	NVIDIA GeForce RTX 2080 [Vulkan DiscreteGpu; NVIDIA 580.178.04]	Bop	560	888	13	copy_channels	5x7x1	17248	0.24	7.321	7.278	56 35 40 35 40 0 0 0 35 64 0
profile	NVIDIA GeForce RTX 2080 [Vulkan DiscreteGpu; NVIDIA 580.178.04]	Bop	560	888	14	copy_channels	5x7x1	11488	0.16	7.321	7.278	56 35 24 35 24 0 0 0 35 64 40
profile	NVIDIA GeForce RTX 2080 [Vulkan DiscreteGpu; NVIDIA 580.178.04]	Bop	560	888	15	conv_k3x3_s1_ob4_wg8_px1_ic64_oc12_t4_None_false_None	5x7x3	257152	3.51	7.321	7.278	56 35 64 56 35 12 1 1 64 12
profile	NVIDIA GeForce RTX 2080 [Vulkan DiscreteGpu; NVIDIA 580.178.04]	Bop	560	888	16	copy_channels	5x7x1	6368	0.09	7.321	7.278	56 35 12 35 12 0 0 0 35 36 0
profile	NVIDIA GeForce RTX 2080 [Vulkan DiscreteGpu; NVIDIA 580.178.04]	Bop	560	888	17	copy_channels	5x7x1	10912	0.15	7.321	7.278	56 35 24 35 24 0 0 0 35 36 12
profile	NVIDIA GeForce RTX 2080 [Vulkan DiscreteGpu; NVIDIA 580.178.04]	Bop	560	888	18	convt_k4_s2_ob4_ic36	9x14x4	505408	6.90	7.321	7.278	56 35 36 112 70 16 1
profile	NVIDIA GeForce RTX 2080 [Vulkan DiscreteGpu; NVIDIA 580.178.04]	Bop	560	888	19	copy_channels	9x14x1	13216	0.18	7.321	7.278	111 70 16 70 16 0 0 0 70 16 0
profile	NVIDIA GeForce RTX 2080 [Vulkan DiscreteGpu; NVIDIA 580.178.04]	Bop	560	888	20	conv_k3x3_s1_ob4_wg8_px1_ic4_oc4_t0_None_true_None	9x14x4	94592	1.29	7.321	7.278	111 70 16 111 70 16 1 1 4 4
profile	NVIDIA GeForce RTX 2080 [Vulkan DiscreteGpu; NVIDIA 580.178.04]	Bop	560	888	21	conv_k1x1_s1_ob4_wg8_px1_ic16_oc16_t4_None_false_Some(Gate)	9x14x4	52064	0.71	7.321	7.278	111 70 16 111 70 16 0 0 16 16
profile	NVIDIA GeForce RTX 2080 [Vulkan DiscreteGpu; NVIDIA 580.178.04]	Bop	560	888	22	conv_k3x3_s1_ob4_wg8_px1_ic16_oc32_t4_None_false_None	9x14x8	461088	6.30	7.321	7.278	111 70 16 111 70 32 1 1 16 32
profile	NVIDIA GeForce RTX 2080 [Vulkan DiscreteGpu; NVIDIA 580.178.04]	Bop	560	888	23	conv_k3x3_s1_ob4_wg8_px1_ic4_oc4_t0_None_true_None	9x14x8	193568	2.64	7.321	7.278	111 70 32 111 70 32 1 1 4 4
profile	NVIDIA GeForce RTX 2080 [Vulkan DiscreteGpu; NVIDIA 580.178.04]	Bop	560	888	24	conv_k1x1_s1_ob4_wg8_px1_ic32_oc32_t4_None_false_Some(Gate)	9x14x8	180000	2.46	7.321	7.278	111 70 32 111 70 32 0 0 32 32
profile	NVIDIA GeForce RTX 2080 [Vulkan DiscreteGpu; NVIDIA 580.178.04]	Bop	560	888	25	conv_k1x1_s1_ob4_wg8_px1_ic32_oc32_t4_None_false_None	9x14x8	167264	2.28	7.321	7.278	111 70 32 111 70 32 0 0 32 32
profile	NVIDIA GeForce RTX 2080 [Vulkan DiscreteGpu; NVIDIA 580.178.04]	Bop	560	888	26	emit_8	70x111x2	23936	0.33	7.321	7.278	560 888 0 0 0 0 70 32 560 888 1
profile	NVIDIA GeForce RTX 2080 [Vulkan DiscreteGpu; NVIDIA 580.178.04]	Bop	1024	1024	0	conv_k3x3_s1_ob4_wg8_px1_ic40_oc40_t4_Relu_false_Some(Add)	8x8x10	746400	5.15	14.495	14.440	64 64 40 64 64 40 1 1 40 40
profile	NVIDIA GeForce RTX 2080 [Vulkan DiscreteGpu; NVIDIA 580.178.04]	Bop	1024	1024	1	convt_k4_s2_ob4_ic40	16x16x4	1229824	8.48	14.495	14.440	64 64 40 128 128 16 1
profile	NVIDIA GeForce RTX 2080 [Vulkan DiscreteGpu; NVIDIA 580.178.04]	Bop	1024	1024	2	conv_k3x3_s1_ob4_wg8_px1_ic4_oc4_t0_None_true_None	16x16x4	205216	1.42	14.495	14.440	128 128 16 128 128 16 1 1 4 4
profile	NVIDIA GeForce RTX 2080 [Vulkan DiscreteGpu; NVIDIA 580.178.04]	Bop	1024	1024	3	conv_k1x1_s1_ob4_wg16_px1_ic16_oc16_t4_None_false_Some(Gate)	8x8x4	105504	0.73	14.495	14.440	128 128 16 128 128 16 0 0 16 16
profile	NVIDIA GeForce RTX 2080 [Vulkan DiscreteGpu; NVIDIA 580.178.04]	Bop	1024	1024	4	convt_k4_s2_ob4_ic16	32x32x4	1843264	12.72	14.495	14.440	128 128 16 256 256 16 1
profile	NVIDIA GeForce RTX 2080 [Vulkan DiscreteGpu; NVIDIA 580.178.04]	Bop	1024	1024	5	conv_k3x3_s1_ob4_wg8_px1_ic4_oc4_t0_None_true_None	32x32x4	1082208	7.47	14.495	14.440	256 256 16 256 256 16 1 1 4 4
profile	NVIDIA GeForce RTX 2080 [Vulkan DiscreteGpu; NVIDIA 580.178.04]	Bop	1024	1024	6	conv_k1x1_s1_ob4_wg16_px1_ic16_oc16_t4_None_false_Some(Gate)	16x16x4	383232	2.64	14.495	14.440	256 256 16 256 256 16 0 0 16 16
profile	NVIDIA GeForce RTX 2080 [Vulkan DiscreteGpu; NVIDIA 580.178.04]	Bop	1024	1024	7	conv_k3x3_s1_ob4_wg16_px1_ic16_oc24_t2_None_false_None	16x16x6	1963904	13.55	14.495	14.440	256 256 16 256 256 24 1 1 16 24
profile	NVIDIA GeForce RTX 2080 [Vulkan DiscreteGpu; NVIDIA 580.178.04]	Bop	1024	1024	8	conv_k3x3_s1_ob4_wg8_px1_ic4_oc4_t0_None_true_None	32x32x6	2148704	14.82	14.495	14.440	256 256 24 256 256 24 1 1 4 4
profile	NVIDIA GeForce RTX 2080 [Vulkan DiscreteGpu; NVIDIA 580.178.04]	Bop	1024	1024	9	conv_k1x1_s1_ob4_wg16_px1_ic24_oc24_t4_None_false_Some(Gate)	16x16x6	819520	5.65	14.495	14.440	256 256 24 256 256 24 0 0 24 24
profile	NVIDIA GeForce RTX 2080 [Vulkan DiscreteGpu; NVIDIA 580.178.04]	Bop	1024	1024	10	conv_k1x1_s1_ob4_wg16_px1_ic24_oc4_t4_None_false_None	16x16x1	143360	0.99	14.495	14.440	256 256 24 256 256 4 0 0 24 4
profile	NVIDIA GeForce RTX 2080 [Vulkan DiscreteGpu; NVIDIA 580.178.04]	Bop	1024	1024	11	emit_4	128x128x1	23776	0.16	14.495	14.440	1024 1024 0 0 0 0 256 4 1024 1024 0
profile	NVIDIA GeForce RTX 2080 [Vulkan DiscreteGpu; NVIDIA 580.178.04]	Bop	1024	1024	12	copy_channels	8x8x1	24704	0.17	14.495	14.440	64 64 40 64 40 0 0 0 64 64 0
profile	NVIDIA GeForce RTX 2080 [Vulkan DiscreteGpu; NVIDIA 580.178.04]	Bop	1024	1024	13	copy_channels	8x8x1	14880	0.10	14.495	14.440	64 64 24 64 24 0 0 0 64 64 40
profile	NVIDIA GeForce RTX 2080 [Vulkan DiscreteGpu; NVIDIA 580.178.04]	Bop	1024	1024	14	conv_k3x3_s1_ob4_wg8_px1_ic64_oc12_t4_None_false_None	8x8x3	518880	3.58	14.495	14.440	64 64 64 64 64 12 1 1 64 12
profile	NVIDIA GeForce RTX 2080 [Vulkan DiscreteGpu; NVIDIA 580.178.04]	Bop	1024	1024	15	copy_channels	8x8x1	7456	0.05	14.495	14.440	64 64 12 64 12 0 0 0 64 36 0
profile	NVIDIA GeForce RTX 2080 [Vulkan DiscreteGpu; NVIDIA 580.178.04]	Bop	1024	1024	16	copy_channels	8x8x1	14080	0.10	14.495	14.440	64 64 24 64 24 0 0 0 64 36 12
profile	NVIDIA GeForce RTX 2080 [Vulkan DiscreteGpu; NVIDIA 580.178.04]	Bop	1024	1024	17	convt_k4_s2_ob4_ic36	16x16x4	1077536	7.43	14.495	14.440	64 64 36 128 128 16 1
profile	NVIDIA GeForce RTX 2080 [Vulkan DiscreteGpu; NVIDIA 580.178.04]	Bop	1024	1024	18	conv_k3x3_s1_ob4_wg8_px1_ic4_oc4_t0_None_true_None	16x16x4	204288	1.41	14.495	14.440	128 128 16 128 128 16 1 1 4 4
profile	NVIDIA GeForce RTX 2080 [Vulkan DiscreteGpu; NVIDIA 580.178.04]	Bop	1024	1024	19	conv_k1x1_s1_ob4_wg16_px1_ic16_oc16_t4_None_false_Some(Gate)	8x8x4	106368	0.73	14.495	14.440	128 128 16 128 128 16 0 0 16 16
profile	NVIDIA GeForce RTX 2080 [Vulkan DiscreteGpu; NVIDIA 580.178.04]	Bop	1024	1024	20	conv_k3x3_s1_ob4_wg16_px1_ic16_oc32_t2_None_false_None	8x8x8	700320	4.83	14.495	14.440	128 128 16 128 128 32 1 1 16 32
profile	NVIDIA GeForce RTX 2080 [Vulkan DiscreteGpu; NVIDIA 580.178.04]	Bop	1024	1024	21	conv_k3x3_s1_ob4_wg8_px1_ic4_oc4_t0_None_true_None	16x16x8	380128	2.62	14.495	14.440	128 128 32 128 128 32 1 1 4 4
profile	NVIDIA GeForce RTX 2080 [Vulkan DiscreteGpu; NVIDIA 580.178.04]	Bop	1024	1024	22	conv_k1x1_s1_ob4_wg16_px1_ic32_oc32_t4_None_false_Some(Gate)	8x8x8	363648	2.51	14.495	14.440	128 128 32 128 128 32 0 0 32 32
profile	NVIDIA GeForce RTX 2080 [Vulkan DiscreteGpu; NVIDIA 580.178.04]	Bop	1024	1024	23	conv_k1x1_s1_ob4_wg16_px1_ic32_oc32_t4_None_false_None	8x8x8	342720	2.36	14.495	14.440	128 128 32 128 128 32 0 0 32 32
profile	NVIDIA GeForce RTX 2080 [Vulkan DiscreteGpu; NVIDIA 580.178.04]	Bop	1024	1024	24	emit_8	128x128x2	44704	0.31	14.495	14.440	1024 1024 0 0 0 0 128 32 1024 1024 1
profile	NVIDIA GeForce RTX 2080 [Vulkan DiscreteGpu; NVIDIA 580.178.04]	Sop	560	888	0	conv_k3x3_s1_ob4_wg8_px1_ic40_oc40_t4_Relu_false_Some(Add)	5x7x10	491776	14.60	3.368	3.297	56 35 40 56 35 40 1 1 40 40
profile	NVIDIA GeForce RTX 2080 [Vulkan DiscreteGpu; NVIDIA 580.178.04]	Sop	560	888	1	conv_k2x2_s1_ob4_wg8_px1_ic40_oc64_t4_None_false_None	5x7x16	346144	10.28	3.368	3.297	56 35 40 56 35 64 0 0 40 64
profile	NVIDIA GeForce RTX 2080 [Vulkan DiscreteGpu; NVIDIA 580.178.04]	Sop	560	888	2	pixel_shuffle_2	9x14x16	15904	0.47	3.368	3.297	112 70 64 16 35 64
profile	NVIDIA GeForce RTX 2080 [Vulkan DiscreteGpu; NVIDIA 580.178.04]	Sop	560	888	3	conv_k3x3_s1_ob4_wg8_px1_ic4_oc4_t0_None_true_None	9x14x4	118976	3.53	3.368	3.297	112 70 16 112 70 16 1 1 4 4
profile	NVIDIA GeForce RTX 2080 [Vulkan DiscreteGpu; NVIDIA 580.178.04]	Sop	560	888	4	conv_k1x1_s1_ob4_wg8_px1_ic16_oc16_t4_None_false_Some(Gate)	9x14x4	64640	1.92	3.368	3.297	112 70 16 112 70 16 0 0 16 16
profile	NVIDIA GeForce RTX 2080 [Vulkan DiscreteGpu; NVIDIA 580.178.04]	Sop	560	888	5	copy_channels	9x14x1	17376	0.52	3.368	3.297	111 70 16 70 16 0 0 0 70 16 0
profile	NVIDIA GeForce RTX 2080 [Vulkan DiscreteGpu; NVIDIA 580.178.04]	Sop	560	888	6	conv_k2x2_s1_ob4_wg8_px1_ic16_oc32_t4_None_false_None	9x14x8	247232	7.34	3.368	3.297	111 70 16 111 70 32 0 0 16 32
profile	NVIDIA GeForce RTX 2080 [Vulkan DiscreteGpu; NVIDIA 580.178.04]	Sop	560	888	7	pixel_shuffle_2	18x28x8	107424	3.19	3.368	3.297	222 140 32 8 70 32
profile	NVIDIA GeForce RTX 2080 [Vulkan DiscreteGpu; NVIDIA 580.178.04]	Sop	560	888	8	conv_k3x3_s1_ob4_wg8_px1_ic4_oc4_t0_None_true_None	18x28x2	239072	7.10	3.368	3.297	222 140 8 222 140 8 1 1 4 4
profile	NVIDIA GeForce RTX 2080 [Vulkan DiscreteGpu; NVIDIA 580.178.04]	Sop	560	888	9	conv_k1x1_s1_ob4_wg8_px1_ic8_oc8_t4_None_false_Some(Gate)	18x28x2	85152	2.53	3.368	3.297	222 140 8 222 140 8 0 0 8 8
profile	NVIDIA GeForce RTX 2080 [Vulkan DiscreteGpu; NVIDIA 580.178.04]	Sop	560	888	10	conv_k3x3_s1_ob4_wg8_px1_ic8_oc8_t4_None_false_None	18x28x2	318176	9.45	3.368	3.297	222 140 8 222 140 8 1 1 8 8
profile	NVIDIA GeForce RTX 2080 [Vulkan DiscreteGpu; NVIDIA 580.178.04]	Sop	560	888	11	conv_k3x3_s1_ob4_wg8_px1_ic4_oc4_t0_None_true_None	18x28x2	236704	7.03	3.368	3.297	222 140 8 222 140 8 1 1 4 4
profile	NVIDIA GeForce RTX 2080 [Vulkan DiscreteGpu; NVIDIA 580.178.04]	Sop	560	888	12	conv_k1x1_s1_ob4_wg8_px1_ic8_oc8_t4_None_false_Some(Gate)	18x28x2	85024	2.52	3.368	3.297	222 140 8 222 140 8 0 0 8 8
profile	NVIDIA GeForce RTX 2080 [Vulkan DiscreteGpu; NVIDIA 580.178.04]	Sop	560	888	13	conv_k1x1_s1_ob4_wg8_px1_ic8_oc4_t4_None_false_None	18x28x1	41952	1.25	3.368	3.297	222 140 8 222 140 4 0 0 8 4
profile	NVIDIA GeForce RTX 2080 [Vulkan DiscreteGpu; NVIDIA 580.178.04]	Sop	560	888	14	emit_4	70x111x1	11200	0.33	3.368	3.297	560 888 0 0 0 0 140 4 560 888 0
profile	NVIDIA GeForce RTX 2080 [Vulkan DiscreteGpu; NVIDIA 580.178.04]	Sop	560	888	15	copy_channels	5x7x1	20640	0.61	3.368	3.297	56 35 40 35 40 0 0 0 35 64 0
profile	NVIDIA GeForce RTX 2080 [Vulkan DiscreteGpu; NVIDIA 580.178.04]	Sop	560	888	16	copy_channels	5x7x1	13216	0.39	3.368	3.297	56 35 24 35 24 0 0 0 35 64 40
profile	NVIDIA GeForce RTX 2080 [Vulkan DiscreteGpu; NVIDIA 580.178.04]	Sop	560	888	17	conv_k3x3_s1_ob4_wg8_px1_ic64_oc12_t4_None_false_None	5x7x3	321344	9.54	3.368	3.297	56 35 64 56 35 12 1 1 64 12
profile	NVIDIA GeForce RTX 2080 [Vulkan DiscreteGpu; NVIDIA 580.178.04]	Sop	560	888	18	copy_channels	5x7x1	7648	0.23	3.368	3.297	56 35 12 35 12 0 0 0 35 36 0
profile	NVIDIA GeForce RTX 2080 [Vulkan DiscreteGpu; NVIDIA 580.178.04]	Sop	560	888	19	copy_channels	5x7x1	13024	0.39	3.368	3.297	56 35 24 35 24 0 0 0 35 36 12
profile	NVIDIA GeForce RTX 2080 [Vulkan DiscreteGpu; NVIDIA 580.178.04]	Sop	560	888	20	conv_k2x2_s1_ob4_wg8_px1_ic36_oc32_t4_None_false_None	5x7x8	173824	5.16	3.368	3.297	56 35 36 56 35 32 0 0 36 32
profile	NVIDIA GeForce RTX 2080 [Vulkan DiscreteGpu; NVIDIA 580.178.04]	Sop	560	888	21	pixel_shuffle_2	9x14x8	10496	0.31	3.368	3.297	112 70 32 8 35 32
profile	NVIDIA GeForce RTX 2080 [Vulkan DiscreteGpu; NVIDIA 580.178.04]	Sop	560	888	22	copy_channels	9x14x1	10240	0.30	3.368	3.297	111 70 8 70 8 0 0 0 70 8 0
profile	NVIDIA GeForce RTX 2080 [Vulkan DiscreteGpu; NVIDIA 580.178.04]	Sop	560	888	23	conv_k3x3_s1_ob4_wg8_px1_ic4_oc4_t0_None_true_None	9x14x2	65952	1.96	3.368	3.297	111 70 8 111 70 8 1 1 4 4
profile	NVIDIA GeForce RTX 2080 [Vulkan DiscreteGpu; NVIDIA 580.178.04]	Sop	560	888	24	conv_k1x1_s1_ob4_wg8_px1_ic8_oc8_t4_None_false_Some(Gate)	9x14x2	23168	0.69	3.368	3.297	111 70 8 111 70 8 0 0 8 8
profile	NVIDIA GeForce RTX 2080 [Vulkan DiscreteGpu; NVIDIA 580.178.04]	Sop	560	888	25	conv_k3x3_s1_ob4_wg8_px1_ic8_oc8_t4_None_false_None	9x14x2	103264	3.07	3.368	3.297	111 70 8 111 70 8 1 1 8 8
profile	NVIDIA GeForce RTX 2080 [Vulkan DiscreteGpu; NVIDIA 580.178.04]	Sop	560	888	26	conv_k3x3_s1_ob4_wg8_px1_ic4_oc4_t0_None_true_None	9x14x2	65984	1.96	3.368	3.297	111 70 8 111 70 8 1 1 4 4
profile	NVIDIA GeForce RTX 2080 [Vulkan DiscreteGpu; NVIDIA 580.178.04]	Sop	560	888	27	conv_k1x1_s1_ob4_wg8_px1_ic8_oc8_t4_None_false_Some(Gate)	9x14x2	22368	0.66	3.368	3.297	111 70 8 111 70 8 0 0 8 8
profile	NVIDIA GeForce RTX 2080 [Vulkan DiscreteGpu; NVIDIA 580.178.04]	Sop	560	888	28	conv_k1x1_s1_ob4_wg8_px1_ic8_oc32_t4_None_false_None	9x14x8	64768	1.92	3.368	3.297	111 70 8 111 70 32 0 0 8 32
profile	NVIDIA GeForce RTX 2080 [Vulkan DiscreteGpu; NVIDIA 580.178.04]	Sop	560	888	29	emit_8	70x111x2	24960	0.74	3.368	3.297	560 888 0 0 0 0 70 32 560 888 1
profile	NVIDIA GeForce RTX 2080 [Vulkan DiscreteGpu; NVIDIA 580.178.04]	Sop	1024	1024	0	conv_k3x3_s1_ob4_wg8_px1_ic40_oc40_t4_Relu_false_Some(Add)	8x8x10	927296	14.47	6.410	6.330	64 64 40 64 64 40 1 1 40 40
profile	NVIDIA GeForce RTX 2080 [Vulkan DiscreteGpu; NVIDIA 580.178.04]	Sop	1024	1024	1	conv_k2x2_s1_ob4_wg8_px1_ic40_oc64_t4_None_false_None	8x8x16	614400	9.58	6.410	6.330	64 64 40 64 64 64 0 0 40 64
profile	NVIDIA GeForce RTX 2080 [Vulkan DiscreteGpu; NVIDIA 580.178.04]	Sop	1024	1024	2	pixel_shuffle_2	16x16x16	53376	0.83	6.410	6.330	128 128 64 16 64 64
profile	NVIDIA GeForce RTX 2080 [Vulkan DiscreteGpu; NVIDIA 580.178.04]	Sop	1024	1024	3	conv_k3x3_s1_ob4_wg8_px1_ic4_oc4_t0_None_true_None	16x16x4	247744	3.86	6.410	6.330	128 128 16 128 128 16 1 1 4 4
profile	NVIDIA GeForce RTX 2080 [Vulkan DiscreteGpu; NVIDIA 580.178.04]	Sop	1024	1024	4	conv_k1x1_s1_ob4_wg16_px1_ic16_oc16_t4_None_false_Some(Gate)	8x8x4	127232	1.98	6.410	6.330	128 128 16 128 128 16 0 0 16 16
profile	NVIDIA GeForce RTX 2080 [Vulkan DiscreteGpu; NVIDIA 580.178.04]	Sop	1024	1024	5	conv_k2x2_s1_ob4_wg16_px1_ic16_oc32_t2_None_false_None	8x8x8	412864	6.44	6.410	6.330	128 128 16 128 128 32 0 0 16 32
profile	NVIDIA GeForce RTX 2080 [Vulkan DiscreteGpu; NVIDIA 580.178.04]	Sop	1024	1024	6	pixel_shuffle_2	32x32x8	286400	4.47	6.410	6.330	256 256 32 8 128 32
profile	NVIDIA GeForce RTX 2080 [Vulkan DiscreteGpu; NVIDIA 580.178.04]	Sop	1024	1024	7	conv_k3x3_s1_ob4_wg8_px1_ic4_oc4_t0_None_true_None	32x32x2	544384	8.49	6.410	6.330	256 256 8 256 256 8 1 1 4 4
profile	NVIDIA GeForce RTX 2080 [Vulkan DiscreteGpu; NVIDIA 580.178.04]	Sop	1024	1024	8	conv_k1x1_s1_ob4_wg8_px1_ic8_oc8_t4_None_false_Some(Gate)	32x32x2	144672	2.26	6.410	6.330	256 256 8 256 256 8 0 0 8 8
profile	NVIDIA GeForce RTX 2080 [Vulkan DiscreteGpu; NVIDIA 580.178.04]	Sop	1024	1024	9	conv_k3x3_s1_ob4_wg8_px1_ic8_oc8_t4_None_false_None	32x32x2	598720	9.34	6.410	6.330	256 256 8 256 256 8 1 1 8 8
profile	NVIDIA GeForce RTX 2080 [Vulkan DiscreteGpu; NVIDIA 580.178.04]	Sop	1024	1024	10	conv_k3x3_s1_ob4_wg8_px1_ic4_oc4_t0_None_true_None	32x32x2	540960	8.44	6.410	6.330	256 256 8 256 256 8 1 1 4 4
profile	NVIDIA GeForce RTX 2080 [Vulkan DiscreteGpu; NVIDIA 580.178.04]	Sop	1024	1024	11	conv_k1x1_s1_ob4_wg8_px1_ic8_oc8_t4_None_false_Some(Gate)	32x32x2	144800	2.26	6.410	6.330	256 256 8 256 256 8 0 0 8 8
profile	NVIDIA GeForce RTX 2080 [Vulkan DiscreteGpu; NVIDIA 580.178.04]	Sop	1024	1024	12	conv_k1x1_s1_ob4_wg8_px1_ic8_oc4_t4_None_false_None	32x32x1	69056	1.08	6.410	6.330	256 256 8 256 256 4 0 0 8 4
profile	NVIDIA GeForce RTX 2080 [Vulkan DiscreteGpu; NVIDIA 580.178.04]	Sop	1024	1024	13	emit_4	128x128x1	25248	0.39	6.410	6.330	1024 1024 0 0 0 0 256 4 1024 1024 0
profile	NVIDIA GeForce RTX 2080 [Vulkan DiscreteGpu; NVIDIA 580.178.04]	Sop	1024	1024	14	copy_channels	8x8x1	27488	0.43	6.410	6.330	64 64 40 64 40 0 0 0 64 64 0
profile	NVIDIA GeForce RTX 2080 [Vulkan DiscreteGpu; NVIDIA 580.178.04]	Sop	1024	1024	15	copy_channels	8x8x1	17472	0.27	6.410	6.330	64 64 24 64 24 0 0 0 64 64 40
profile	NVIDIA GeForce RTX 2080 [Vulkan DiscreteGpu; NVIDIA 580.178.04]	Sop	1024	1024	16	conv_k3x3_s1_ob4_wg8_px1_ic64_oc12_t4_None_false_None	8x8x3	634592	9.90	6.410	6.330	64 64 64 64 64 12 1 1 64 12
profile	NVIDIA GeForce RTX 2080 [Vulkan DiscreteGpu; NVIDIA 580.178.04]	Sop	1024	1024	17	copy_channels	8x8x1	8736	0.14	6.410	6.330	64 64 12 64 12 0 0 0 64 36 0
profile	NVIDIA GeForce RTX 2080 [Vulkan DiscreteGpu; NVIDIA 580.178.04]	Sop	1024	1024	18	copy_channels	8x8x1	16384	0.26	6.410	6.330	64 64 24 64 24 0 0 0 64 36 12
profile	NVIDIA GeForce RTX 2080 [Vulkan DiscreteGpu; NVIDIA 580.178.04]	Sop	1024	1024	19	conv_k2x2_s1_ob4_wg8_px1_ic36_oc32_t4_None_false_None	8x8x8	291456	4.55	6.410	6.330	64 64 36 64 64 32 0 0 36 32
profile	NVIDIA GeForce RTX 2080 [Vulkan DiscreteGpu; NVIDIA 580.178.04]	Sop	1024	1024	20	pixel_shuffle_2	16x16x8	22464	0.35	6.410	6.330	128 128 32 8 64 32
profile	NVIDIA GeForce RTX 2080 [Vulkan DiscreteGpu; NVIDIA 580.178.04]	Sop	1024	1024	21	conv_k3x3_s1_ob4_wg8_px1_ic4_oc4_t0_None_true_None	16x16x2	121664	1.90	6.410	6.330	128 128 8 128 128 8 1 1 4 4
profile	NVIDIA GeForce RTX 2080 [Vulkan DiscreteGpu; NVIDIA 580.178.04]	Sop	1024	1024	22	conv_k1x1_s1_ob4_wg8_px1_ic8_oc8_t4_None_false_Some(Gate)	16x16x2	40256	0.63	6.410	6.330	128 128 8 128 128 8 0 0 8 8
profile	NVIDIA GeForce RTX 2080 [Vulkan DiscreteGpu; NVIDIA 580.178.04]	Sop	1024	1024	23	conv_k3x3_s1_ob4_wg8_px1_ic8_oc8_t4_None_false_None	16x16x2	163040	2.54	6.410	6.330	128 128 8 128 128 8 1 1 8 8
profile	NVIDIA GeForce RTX 2080 [Vulkan DiscreteGpu; NVIDIA 580.178.04]	Sop	1024	1024	24	conv_k3x3_s1_ob4_wg8_px1_ic4_oc4_t0_None_true_None	16x16x2	122080	1.90	6.410	6.330	128 128 8 128 128 8 1 1 4 4
profile	NVIDIA GeForce RTX 2080 [Vulkan DiscreteGpu; NVIDIA 580.178.04]	Sop	1024	1024	25	conv_k1x1_s1_ob4_wg8_px1_ic8_oc8_t4_None_false_Some(Gate)	16x16x2	40512	0.63	6.410	6.330	128 128 8 128 128 8 0 0 8 8
profile	NVIDIA GeForce RTX 2080 [Vulkan DiscreteGpu; NVIDIA 580.178.04]	Sop	1024	1024	26	conv_k1x1_s1_ob4_wg8_px1_ic8_oc32_t4_None_false_None	16x16x8	120768	1.88	6.410	6.330	128 128 8 128 128 32 0 0 8 32
profile	NVIDIA GeForce RTX 2080 [Vulkan DiscreteGpu; NVIDIA 580.178.04]	Sop	1024	1024	27	emit_8	128x128x2	45952	0.72	6.410	6.330	1024 1024 0 0 0 0 128 32 1024 1024 1
