browser	browser_version	os	slug	bpp	model_id	width	height	stream_bytes	variant	tier	gpu_mode	call	path	presented	adapter	software_adapter	gpu_ns	gpu_error	fetch_ms	models_ms	decode_ms	total_ms
chromium	153.0.8010.12	linux	car	0.25	1	1155	866	33016	webgpu	Wasm128	software	decode	gpu		BrowserWebGpu	true	2016548271		1.15	52.32	2566.70	2620.17
chromium	153.0.8010.12	linux	car	0.25	1	1155	866	33016	webgpu	Wasm128	software	present	gpu	gpu	BrowserWebGpu	true	1982059104		1.98	0.04	2145.75	2147.77
chromium	153.0.8010.12	linux	car	0.75	2	1155	866	98890	webgpu	Wasm128	software	decode	cpu		BrowserWebGpu	true		wasm trap in GPU path: Uncaught RuntimeError: unreachable	1.57	0.04	765.09	766.70
chromium	153.0.8010.12	linux	car	0.75	2	1155	866	98890	webgpu	Wasm128	software	present	cpu	2d	BrowserWebGpu	true		no GPU context: disabled after a trap in the GPU path	1.29	0.04	721.65	722.99
chromium	153.0.8010.12	linux	mountain	0.25	1	1155	866	32887	webgpu	Wasm128	software	decode	cpu		BrowserWebGpu	true			1.73	0.07	723.14	724.94
chromium	153.0.8010.12	linux	mountain	0.25	1	1155	866	32887	webgpu	Wasm128	software	present	cpu	2d	BrowserWebGpu	true		no GPU context: disabled after a trap in the GPU path	1.21	0.06	713.97	715.24
chromium	153.0.8010.12	linux	mountain	0.75	2	1155	866	90684	webgpu	Wasm128	software	decode	cpu		BrowserWebGpu	true			1.23	0.06	715.62	716.91
chromium	153.0.8010.12	linux	mountain	0.75	2	1155	866	90684	webgpu	Wasm128	software	present	cpu	2d	BrowserWebGpu	true		no GPU context: disabled after a trap in the GPU path	1.46	0.04	717.21	718.71
chromium	153.0.8010.12	linux	dumplings	0.25	1	1155	866	32928	webgpu	Wasm128	software	decode	cpu		BrowserWebGpu	true			1.25	0.08	718.58	719.90
chromium	153.0.8010.12	linux	dumplings	0.25	1	1155	866	32928	webgpu	Wasm128	software	present	cpu	2d	BrowserWebGpu	true		no GPU context: disabled after a trap in the GPU path	1.38	0.05	715.09	716.52
chromium	153.0.8010.12	linux	dumplings	0.75	2	1155	866	93621	webgpu	Wasm128	software	decode	cpu		BrowserWebGpu	true			8.93	0.06	717.50	726.49
chromium	153.0.8010.12	linux	dumplings	0.75	2	1155	866	93621	webgpu	Wasm128	software	present	cpu	2d	BrowserWebGpu	true		no GPU context: disabled after a trap in the GPU path	1.66	0.07	716.27	718.00
chromium	153.0.8010.12	linux	artwork	0.25	1	1178	849	32964	webgpu	Wasm128	software	decode	cpu		BrowserWebGpu	true			1.26	0.05	718.46	719.76
chromium	153.0.8010.12	linux	artwork	0.25	1	1178	849	32964	webgpu	Wasm128	software	present	cpu	2d	BrowserWebGpu	true		no GPU context: disabled after a trap in the GPU path	0.84	0.05	708.48	709.37
chromium	153.0.8010.12	linux	artwork	0.75	2	1178	849	99407	webgpu	Wasm128	software	decode	cpu		BrowserWebGpu	true			1.55	0.05	709.22	710.82
chromium	153.0.8010.12	linux	artwork	0.75	2	1178	849	99407	webgpu	Wasm128	software	present	cpu	2d	BrowserWebGpu	true		no GPU context: disabled after a trap in the GPU path	1.56	0.05	710.52	712.13
chromium	153.0.8010.12	linux	brochure	0.25	1	841	1189	32824	webgpu	Wasm128	software	decode	cpu		BrowserWebGpu	true			1.57	0.05	729.21	730.83
chromium	153.0.8010.12	linux	brochure	0.25	1	841	1189	32824	webgpu	Wasm128	software	present	cpu	2d	BrowserWebGpu	true		no GPU context: disabled after a trap in the GPU path	1.48	0.05	722.78	724.31
chromium	153.0.8010.12	linux	brochure	0.75	1	841	1189	86466	webgpu	Wasm128	software	decode	cpu		BrowserWebGpu	true			1.64	0.07	719.21	720.92
chromium	153.0.8010.12	linux	brochure	0.75	1	841	1189	86466	webgpu	Wasm128	software	present	cpu	2d	BrowserWebGpu	true		no GPU context: disabled after a trap in the GPU path	1.78	0.04	719.87	721.69
chromium	153.0.8010.12	linux	patent-scan	0.25	0	825	1212	28041	webgpu	Wasm128	software	decode	cpu		BrowserWebGpu	true			1.38	49.77	714.17	765.33
chromium	153.0.8010.12	linux	patent-scan	0.25	0	825	1212	28041	webgpu	Wasm128	software	present	cpu	2d	BrowserWebGpu	true		no GPU context: disabled after a trap in the GPU path	1.78	0.03	709.08	710.89
chromium	153.0.8010.12	linux	patent-scan	0.75	1	825	1212	85887	webgpu	Wasm128	software	decode	cpu		BrowserWebGpu	true			1.50	0.04	712.57	714.10
chromium	153.0.8010.12	linux	patent-scan	0.75	1	825	1212	85887	webgpu	Wasm128	software	present	cpu	2d	BrowserWebGpu	true		no GPU context: disabled after a trap in the GPU path	1.54	0.03	711.76	713.33
chromium	153.0.8010.12	linux	line-plot	0.25	0	1000	1000	32827	webgpu	Wasm128	software	decode	cpu		BrowserWebGpu	true			1.66	0.04	711.74	713.44
chromium	153.0.8010.12	linux	line-plot	0.25	0	1000	1000	32827	webgpu	Wasm128	software	present	cpu	2d	BrowserWebGpu	true		no GPU context: disabled after a trap in the GPU path	1.94	0.03	711.75	713.72
chromium	153.0.8010.12	linux	line-plot	0.75	1	1000	1000	97944	webgpu	Wasm128	software	decode	cpu		BrowserWebGpu	true			1.69	0.04	706.67	708.41
chromium	153.0.8010.12	linux	line-plot	0.75	1	1000	1000	97944	webgpu	Wasm128	software	present	cpu	2d	BrowserWebGpu	true		no GPU context: disabled after a trap in the GPU path	1.72	0.04	707.49	709.25
chromium	153.0.8010.12	linux	clipart	0.25	2	816	1225	28034	webgpu	Wasm128	software	decode	cpu		BrowserWebGpu	true			1.50	0.05	713.08	714.62
chromium	153.0.8010.12	linux	clipart	0.25	2	816	1225	28034	webgpu	Wasm128	software	present	cpu	2d	BrowserWebGpu	true		no GPU context: disabled after a trap in the GPU path	1.53	0.04	716.36	717.94
chromium	153.0.8010.12	linux	clipart	0.75	3	816	1225	83202	webgpu	Wasm128	software	decode	cpu		BrowserWebGpu	true			2.24	48.18	719.79	770.21
chromium	153.0.8010.12	linux	clipart	0.75	3	816	1225	83202	webgpu	Wasm128	software	present	cpu	2d	BrowserWebGpu	true		no GPU context: disabled after a trap in the GPU path	3.83	0.03	713.33	717.19
chromium	153.0.8010.12	linux	car	0.25	1	1155	866	33016	webgpu	Wasm128	on	decode	gpu		nvidia/turing	false	20379232		2.28	63.19	289.05	354.52
chromium	153.0.8010.12	linux	car	0.25	1	1155	866	33016	webgpu	Wasm128	on	present	gpu	gpu	nvidia/turing	false	20171552		1.85	0.05	194.40	196.30
chromium	153.0.8010.12	linux	car	0.75	2	1155	866	98890	webgpu	Wasm128	on	decode	gpu		nvidia/turing	false	20199424		11.74	59.51	203.81	275.07
chromium	153.0.8010.12	linux	car	0.75	2	1155	866	98890	webgpu	Wasm128	on	present	gpu	gpu	nvidia/turing	false	20156416		2.64	0.10	301.38	304.11
chromium	153.0.8010.12	linux	mountain	0.25	1	1155	866	32887	webgpu	Wasm128	on	decode	gpu		nvidia/turing	false	20205376		11.84	0.11	285.80	297.75
chromium	153.0.8010.12	linux	mountain	0.25	1	1155	866	32887	webgpu	Wasm128	on	present	gpu	gpu	nvidia/turing	false	22314144		5.70	0.11	286.42	292.23
chromium	153.0.8010.12	linux	mountain	0.75	2	1155	866	90684	webgpu	Wasm128	on	decode	gpu		nvidia/turing	false	22282496		13.46	0.11	247.75	261.32
chromium	153.0.8010.12	linux	mountain	0.75	2	1155	866	90684	webgpu	Wasm128	on	present	gpu	gpu	nvidia/turing	false	22308832		2.21	0.06	242.73	245.00
chromium	153.0.8010.12	linux	dumplings	0.25	1	1155	866	32928	webgpu	Wasm128	on	decode	gpu		nvidia/turing	false	22305312		11.52	0.08	264.72	276.32
chromium	153.0.8010.12	linux	dumplings	0.25	1	1155	866	32928	webgpu	Wasm128	on	present	gpu	gpu	nvidia/turing	false	22351584		4.32	0.16	364.47	368.94
chromium	153.0.8010.12	linux	dumplings	0.75	2	1155	866	93621	webgpu	Wasm128	on	decode	gpu		nvidia/turing	false	22241280		16.96	0.26	350.69	367.92
chromium	153.0.8010.12	linux	dumplings	0.75	2	1155	866	93621	webgpu	Wasm128	on	present	gpu	gpu	nvidia/turing	false	135255680		4.90	0.14	504.23	509.28
chromium	153.0.8010.12	linux	artwork	0.25	1	1178	849	32964	webgpu	Wasm128	on	decode	gpu		nvidia/turing	false	129312768		16.33	0.20	492.91	509.43
chromium	153.0.8010.12	linux	artwork	0.25	1	1178	849	32964	webgpu	Wasm128	on	present	gpu	gpu	nvidia/turing	false	126941600		3.92	0.09	493.26	497.27
chromium	153.0.8010.12	linux	artwork	0.75	2	1178	849	99407	webgpu	Wasm128	on	decode	gpu		nvidia/turing	false	22226912		16.21	0.38	338.22	354.81
chromium	153.0.8010.12	linux	artwork	0.75	2	1178	849	99407	webgpu	Wasm128	on	present	gpu	gpu	nvidia/turing	false	22161408		2.47	0.11	366.44	369.02
chromium	153.0.8010.12	linux	brochure	0.25	1	841	1189	32824	webgpu	Wasm128	on	decode	gpu		nvidia/turing	false	22230912		14.57	0.13	385.35	400.05
chromium	153.0.8010.12	linux	brochure	0.25	1	841	1189	32824	webgpu	Wasm128	on	present	gpu	gpu	nvidia/turing	false	22112256		8.88	0.06	282.98	291.92
chromium	153.0.8010.12	linux	brochure	0.75	1	841	1189	86466	webgpu	Wasm128	on	decode	gpu		nvidia/turing	false	22146528		11.56	0.04	189.13	200.74
chromium	153.0.8010.12	linux	brochure	0.75	1	841	1189	86466	webgpu	Wasm128	on	present	gpu	gpu	nvidia/turing	false	22128736		1.34	0.04	189.52	190.91
chromium	153.0.8010.12	linux	patent-scan	0.25	0	825	1212	28041	webgpu	Wasm128	on	decode	gpu		nvidia/turing	false	46876448		11.49	51.50	212.93	275.91
chromium	153.0.8010.12	linux	patent-scan	0.25	0	825	1212	28041	webgpu	Wasm128	on	present	gpu	gpu	nvidia/turing	false	47951872		1.94	0.04	204.17	206.15
chromium	153.0.8010.12	linux	patent-scan	0.75	1	825	1212	85887	webgpu	Wasm128	on	decode	gpu		nvidia/turing	false	50386976		11.52	0.04	206.76	218.32
chromium	153.0.8010.12	linux	patent-scan	0.75	1	825	1212	85887	webgpu	Wasm128	on	present	gpu	gpu	nvidia/turing	false	51666400		1.64	0.04	206.60	208.28
chromium	153.0.8010.12	linux	line-plot	0.25	0	1000	1000	32827	webgpu	Wasm128	on	decode	gpu		nvidia/turing	false	52491712		1.29	0.04	214.21	215.55
chromium	153.0.8010.12	linux	line-plot	0.25	0	1000	1000	32827	webgpu	Wasm128	on	present	gpu	gpu	nvidia/turing	false	132546560		1.32	0.05	294.90	296.27
chromium	153.0.8010.12	linux	line-plot	0.75	1	1000	1000	97944	webgpu	Wasm128	on	decode	gpu		nvidia/turing	false	123175808		11.42	0.04	286.00	297.45
chromium	153.0.8010.12	linux	line-plot	0.75	1	1000	1000	97944	webgpu	Wasm128	on	present	gpu	gpu	nvidia/turing	false	123691104		1.44	0.04	284.62	286.10
chromium	153.0.8010.12	linux	clipart	0.25	2	816	1225	28034	webgpu	Wasm128	on	decode	gpu		nvidia/turing	false	20376160		11.23	0.07	181.00	192.31
chromium	153.0.8010.12	linux	clipart	0.25	2	816	1225	28034	webgpu	Wasm128	on	present	gpu	gpu	nvidia/turing	false	20387616		1.45	0.03	180.45	181.93
chromium	153.0.8010.12	linux	clipart	0.75	3	816	1225	83202	webgpu	Wasm128	on	decode	gpu		nvidia/turing	false	20387840		11.59	52.48	190.87	254.94
chromium	153.0.8010.12	linux	clipart	0.75	3	816	1225	83202	webgpu	Wasm128	on	present	gpu	gpu	nvidia/turing	false	20397824		3.22	0.04	180.22	183.48
chromium	153.0.8010.12	linux	car	0.25	1	1155	866	33016	threads	Wasm128	off (threads)	decode	cpu		cpu				0.82	11.11	263.28	275.21
chromium	153.0.8010.12	linux	car	0.75	2	1155	866	98890	threads	Wasm128	off (threads)	decode	cpu		cpu				1.65	7.75	183.94	193.34
chromium	153.0.8010.12	linux	mountain	0.25	1	1155	866	32887	threads	Wasm128	off (threads)	decode	cpu		cpu				9.43	0.06	165.32	174.81
chromium	153.0.8010.12	linux	mountain	0.75	2	1155	866	90684	threads	Wasm128	off (threads)	decode	cpu		cpu				1.62	0.06	171.93	173.61
chromium	153.0.8010.12	linux	dumplings	0.25	1	1155	866	32928	threads	Wasm128	off (threads)	decode	cpu		cpu				1.72	0.06	176.88	178.65
chromium	153.0.8010.12	linux	dumplings	0.75	2	1155	866	93621	threads	Wasm128	off (threads)	decode	cpu		cpu				1.45	0.04	174.58	176.06
chromium	153.0.8010.12	linux	artwork	0.25	1	1178	849	32964	threads	Wasm128	off (threads)	decode	cpu		cpu				1.40	0.05	183.13	184.58
chromium	153.0.8010.12	linux	artwork	0.75	2	1178	849	99407	threads	Wasm128	off (threads)	decode	cpu		cpu				1.39	0.05	169.63	171.07
chromium	153.0.8010.12	linux	brochure	0.25	1	841	1189	32824	threads	Wasm128	off (threads)	decode	cpu		cpu				1.38	0.04	208.68	210.11
chromium	153.0.8010.12	linux	brochure	0.75	1	841	1189	86466	threads	Wasm128	off (threads)	decode	cpu		cpu				1.56	0.05	199.05	200.65
chromium	153.0.8010.12	linux	patent-scan	0.25	0	825	1212	28041	threads	Wasm128	off (threads)	decode	cpu		cpu				1.50	8.21	204.78	214.49
chromium	153.0.8010.12	linux	patent-scan	0.75	1	825	1212	85887	threads	Wasm128	off (threads)	decode	cpu		cpu				1.86	0.05	200.92	202.83
chromium	153.0.8010.12	linux	line-plot	0.25	0	1000	1000	32827	threads	Wasm128	off (threads)	decode	cpu		cpu				1.38	0.05	185.58	187.01
chromium	153.0.8010.12	linux	line-plot	0.75	1	1000	1000	97944	threads	Wasm128	off (threads)	decode	cpu		cpu				1.62	0.04	175.41	177.07
chromium	153.0.8010.12	linux	clipart	0.25	2	816	1225	28034	threads	Wasm128	off (threads)	decode	cpu		cpu				1.50	0.05	196.28	197.83
chromium	153.0.8010.12	linux	clipart	0.75	3	816	1225	83202	threads	Wasm128	off (threads)	decode	cpu		cpu				1.55	9.74	199.78	211.07
chromium	153.0.8010.12	linux	car	0.25	1	1155	866	33016	simd	Wasm128	off (simd)	decode	cpu		cpu				1.00	56.90	817.20	875.10
chromium	153.0.8010.12	linux	car	0.75	2	1155	866	98890	simd	Wasm128	off (simd)	decode	cpu		cpu				1.90	50.70	768.70	821.30
chromium	153.0.8010.12	linux	mountain	0.25	1	1155	866	32887	simd	Wasm128	off (simd)	decode	cpu		cpu				1.50	9.10	769.10	779.70
chromium	153.0.8010.12	linux	mountain	0.75	2	1155	866	90684	simd	Wasm128	off (simd)	decode	cpu		cpu				10.00	8.60	767.00	785.60
chromium	153.0.8010.12	linux	dumplings	0.25	1	1155	866	32928	simd	Wasm128	off (simd)	decode	cpu		cpu				2.00	0.10	736.40	738.50
chromium	153.0.8010.12	linux	dumplings	0.75	2	1155	866	93621	simd	Wasm128	off (simd)	decode	cpu		cpu				1.70	0.00	735.50	737.20
chromium	153.0.8010.12	linux	artwork	0.25	1	1178	849	32964	simd	Wasm128	off (simd)	decode	cpu		cpu				1.40	0.10	754.90	756.40
chromium	153.0.8010.12	linux	artwork	0.75	2	1178	849	99407	simd	Wasm128	off (simd)	decode	cpu		cpu				2.00	0.00	741.40	743.40
chromium	153.0.8010.12	linux	brochure	0.25	1	841	1189	32824	simd	Wasm128	off (simd)	decode	cpu		cpu				1.50	0.00	749.40	750.90
chromium	153.0.8010.12	linux	brochure	0.75	1	841	1189	86466	simd	Wasm128	off (simd)	decode	cpu		cpu				1.30	8.30	757.60	767.20
chromium	153.0.8010.12	linux	patent-scan	0.25	0	825	1212	28041	simd	Wasm128	off (simd)	decode	cpu		cpu				1.20	49.10	737.10	787.40
chromium	153.0.8010.12	linux	patent-scan	0.75	1	825	1212	85887	simd	Wasm128	off (simd)	decode	cpu		cpu				1.10	7.50	742.00	750.60
chromium	153.0.8010.12	linux	line-plot	0.25	0	1000	1000	32827	simd	Wasm128	off (simd)	decode	cpu		cpu				1.20	7.30	735.50	744.00
chromium	153.0.8010.12	linux	line-plot	0.75	1	1000	1000	97944	simd	Wasm128	off (simd)	decode	cpu		cpu				1.60	0.10	720.20	721.90
chromium	153.0.8010.12	linux	clipart	0.25	2	816	1225	28034	simd	Wasm128	off (simd)	decode	cpu		cpu				1.50	7.20	744.60	753.30
chromium	153.0.8010.12	linux	clipart	0.75	3	816	1225	83202	simd	Wasm128	off (simd)	decode	cpu		cpu				1.70	49.10	758.20	809.00
chromium	153.0.8010.12	linux	car	0.25	1	1155	866	33016	webgpu	Wasm128	software	decode	gpu		google/swiftshader	true	1996988548		1.03	51.17	2588.32	2640.52
chromium	153.0.8010.12	linux	car	0.25	1	1155	866	33016	webgpu	Wasm128	software	present	gpu	gpu	google/swiftshader	true	1928090303		2.04	0.05	2096.23	2098.32
chromium	153.0.8010.12	linux	car	0.75	2	1155	866	98890	webgpu	Wasm128	software	decode	cpu		google/swiftshader	true		GPU device error: Error occurred when trying to async map a buffer	1.89	51.49	946.85	1000.23
chromium	153.0.8010.12	linux	car	0.75	2	1155	866	98890	webgpu	Wasm128	software	present	cpu	2d	google/swiftshader	true		Device("Error occurred when trying to async map a buffer"); GPU device error: Error occurred when trying to async map a buffer	2.11	0.06	1055.56	1057.73
chromium	153.0.8010.12	linux	mountain	0.25	1	1155	866	32887	webgpu	Wasm128	software	decode	cpu		google/swiftshader	true		GPU device error: Error occurred when trying to async map a buffer	1.72	0.06	906.65	908.43
chromium	153.0.8010.12	linux	mountain	0.25	1	1155	866	32887	webgpu	Wasm128	software	present	cpu	2d	google/swiftshader	true		Device("Error occurred when trying to async map a buffer"); GPU device error: Error occurred when trying to async map a buffer	1.37	0.06	1046.42	1047.84
chromium	153.0.8010.12	linux	mountain	0.75	2	1155	866	90684	webgpu	Wasm128	software	decode	cpu		google/swiftshader	true		GPU device error: Error occurred when trying to async map a buffer	1.93	0.06	891.82	893.81
chromium	153.0.8010.12	linux	mountain	0.75	2	1155	866	90684	webgpu	Wasm128	software	present	cpu	2d	google/swiftshader	true		Device("Error occurred when trying to async map a buffer"); GPU device error: Error occurred when trying to async map a buffer	1.76	0.06	1047.96	1049.77
chromium	153.0.8010.12	linux	dumplings	0.25	1	1155	866	32928	webgpu	Wasm128	software	decode	cpu		google/swiftshader	true		GPU device error: Error occurred when trying to async map a buffer	1.85	0.05	887.79	889.69
chromium	153.0.8010.12	linux	dumplings	0.25	1	1155	866	32928	webgpu	Wasm128	software	present	cpu	2d	google/swiftshader	true		Device("Error occurred when trying to async map a buffer"); GPU device error: Error occurred when trying to async map a buffer	1.46	0.05	1046.45	1047.96
chromium	153.0.8010.12	linux	dumplings	0.75	2	1155	866	93621	webgpu	Wasm128	software	decode	cpu		google/swiftshader	true		GPU device error: Error occurred when trying to async map a buffer	1.86	0.05	887.80	889.71
chromium	153.0.8010.12	linux	dumplings	0.75	2	1155	866	93621	webgpu	Wasm128	software	present	cpu	2d	google/swiftshader	true		Device("Error occurred when trying to async map a buffer"); GPU device error: Error occurred when trying to async map a buffer	2.06	0.06	1049.52	1051.64
chromium	153.0.8010.12	linux	artwork	0.25	1	1178	849	32964	webgpu	Wasm128	software	decode	cpu		google/swiftshader	true		GPU device error: Error occurred when trying to async map a buffer	1.54	0.04	885.12	886.70
chromium	153.0.8010.12	linux	artwork	0.25	1	1178	849	32964	webgpu	Wasm128	software	present	cpu	2d	google/swiftshader	true		Device("Error occurred when trying to async map a buffer"); GPU device error: Error occurred when trying to async map a buffer	1.58	0.04	1030.58	1032.20
chromium	153.0.8010.12	linux	artwork	0.75	2	1178	849	99407	webgpu	Wasm128	software	decode	cpu		google/swiftshader	true		GPU device error: Error occurred when trying to async map a buffer	2.13	0.04	879.80	881.98
chromium	153.0.8010.12	linux	artwork	0.75	2	1178	849	99407	webgpu	Wasm128	software	present	cpu	2d	google/swiftshader	true		Device("Error occurred when trying to async map a buffer"); GPU device error: Error occurred when trying to async map a buffer	10.02	0.04	1032.12	1042.18
chromium	153.0.8010.12	linux	brochure	0.25	1	841	1189	32824	webgpu	Wasm128	software	decode	cpu		google/swiftshader	true		GPU device error: Error occurred when trying to async map a buffer	1.82	0.06	905.28	907.16
chromium	153.0.8010.12	linux	brochure	0.25	1	841	1189	32824	webgpu	Wasm128	software	present	cpu	2d	google/swiftshader	true		Device("Error occurred when trying to async map a buffer"); GPU device error: Error occurred when trying to async map a buffer	1.59	0.05	1054.18	1055.82
chromium	153.0.8010.12	linux	brochure	0.75	1	841	1189	86466	webgpu	Wasm128	software	decode	cpu		google/swiftshader	true		GPU device error: Error occurred when trying to async map a buffer	2.00	0.05	896.60	898.64
chromium	153.0.8010.12	linux	brochure	0.75	1	841	1189	86466	webgpu	Wasm128	software	present	cpu	2d	google/swiftshader	true		Device("Error occurred when trying to async map a buffer"); GPU device error: Error occurred when trying to async map a buffer	1.82	0.05	1056.03	1057.90
chromium	153.0.8010.12	linux	patent-scan	0.25	0	825	1212	28041	webgpu	Wasm128	software	decode	cpu		google/swiftshader	true		GPU device error: Error occurred when trying to async map a buffer	1.88	49.25	887.35	938.47
chromium	153.0.8010.12	linux	patent-scan	0.25	0	825	1212	28041	webgpu	Wasm128	software	present	cpu	2d	google/swiftshader	true		Device("Error occurred when trying to async map a buffer"); GPU device error: Error occurred when trying to async map a buffer	2.09	0.04	1031.93	1034.05
chromium	153.0.8010.12	linux	patent-scan	0.75	1	825	1212	85887	webgpu	Wasm128	software	decode	cpu		google/swiftshader	true		GPU device error: Error occurred when trying to async map a buffer	1.49	0.05	875.41	876.95
chromium	153.0.8010.12	linux	patent-scan	0.75	1	825	1212	85887	webgpu	Wasm128	software	present	cpu	2d	google/swiftshader	true		Device("Error occurred when trying to async map a buffer"); GPU device error: Error occurred when trying to async map a buffer	1.65	0.05	1020.26	1021.96
chromium	153.0.8010.12	linux	line-plot	0.25	0	1000	1000	32827	webgpu	Wasm128	software	decode	cpu		google/swiftshader	true		GPU device error: Error occurred when trying to async map a buffer	1.37	0.05	870.64	872.07
chromium	153.0.8010.12	linux	line-plot	0.25	0	1000	1000	32827	webgpu	Wasm128	software	present	cpu	2d	google/swiftshader	true		Device("Error occurred when trying to async map a buffer"); GPU device error: Error occurred when trying to async map a buffer	1.76	0.04	1019.10	1020.89
chromium	153.0.8010.12	linux	line-plot	0.75	1	1000	1000	97944	webgpu	Wasm128	software	decode	cpu		google/swiftshader	true		GPU device error: Error occurred when trying to async map a buffer	1.96	0.06	866.77	868.79
chromium	153.0.8010.12	linux	line-plot	0.75	1	1000	1000	97944	webgpu	Wasm128	software	present	cpu	2d	google/swiftshader	true		Device("Error occurred when trying to async map a buffer"); GPU device error: Error occurred when trying to async map a buffer	1.92	0.06	1021.35	1023.33
chromium	153.0.8010.12	linux	clipart	0.25	2	816	1225	28034	webgpu	Wasm128	software	decode	cpu		google/swiftshader	true		GPU device error: Error occurred when trying to async map a buffer	1.70	0.05	873.52	875.28
chromium	153.0.8010.12	linux	clipart	0.25	2	816	1225	28034	webgpu	Wasm128	software	present	cpu	2d	google/swiftshader	true		Device("Error occurred when trying to async map a buffer"); GPU device error: Error occurred when trying to async map a buffer	1.73	0.05	1027.58	1029.36
chromium	153.0.8010.12	linux	clipart	0.75	3	816	1225	83202	webgpu	Wasm128	software	decode	cpu		google/swiftshader	true		GPU device error: Error occurred when trying to async map a buffer	1.88	45.32	902.67	949.87
chromium	153.0.8010.12	linux	clipart	0.75	3	816	1225	83202	webgpu	Wasm128	software	present	cpu	2d	google/swiftshader	true		Device("Error occurred when trying to async map a buffer"); GPU device error: Error occurred when trying to async map a buffer	3.80	0.05	1042.23	1046.08
chromium	153.0.8010.12	linux	car	0.25	1	1155	866	33016	threads	Wasm128	off (threads)	decode	cpu		cpu				0.80	15.39	259.06	275.25
chromium	153.0.8010.12	linux	car	0.75	2	1155	866	98890	threads	Wasm128	off (threads)	decode	cpu		cpu				1.93	7.40	186.67	196.00
chromium	153.0.8010.12	linux	mountain	0.25	1	1155	866	32887	threads	Wasm128	off (threads)	decode	cpu		cpu				1.33	0.06	177.37	178.76
chromium	153.0.8010.12	linux	mountain	0.75	2	1155	866	90684	threads	Wasm128	off (threads)	decode	cpu		cpu				1.74	0.05	163.15	164.94
chromium	153.0.8010.12	linux	dumplings	0.25	1	1155	866	32928	threads	Wasm128	off (threads)	decode	cpu		cpu				1.40	0.05	169.02	170.48
chromium	153.0.8010.12	linux	dumplings	0.75	2	1155	866	93621	threads	Wasm128	off (threads)	decode	cpu		cpu				1.61	0.05	172.91	174.57
chromium	153.0.8010.12	linux	artwork	0.25	1	1178	849	32964	threads	Wasm128	off (threads)	decode	cpu		cpu				1.66	0.05	174.45	176.16
chromium	153.0.8010.12	linux	artwork	0.75	2	1178	849	99407	threads	Wasm128	off (threads)	decode	cpu		cpu				1.42	0.05	165.90	167.37
chromium	153.0.8010.12	linux	brochure	0.25	1	841	1189	32824	threads	Wasm128	off (threads)	decode	cpu		cpu				1.39	0.05	202.60	204.04
chromium	153.0.8010.12	linux	brochure	0.75	1	841	1189	86466	threads	Wasm128	off (threads)	decode	cpu		cpu				1.49	0.05	191.76	193.30
chromium	153.0.8010.12	linux	patent-scan	0.25	0	825	1212	28041	threads	Wasm128	off (threads)	decode	cpu		cpu				1.60	7.89	193.91	203.41
chromium	153.0.8010.12	linux	patent-scan	0.75	1	825	1212	85887	threads	Wasm128	off (threads)	decode	cpu		cpu				1.66	0.04	188.97	190.67
chromium	153.0.8010.12	linux	line-plot	0.25	0	1000	1000	32827	threads	Wasm128	off (threads)	decode	cpu		cpu				1.40	0.04	190.77	192.21
chromium	153.0.8010.12	linux	line-plot	0.75	1	1000	1000	97944	threads	Wasm128	off (threads)	decode	cpu		cpu				1.65	0.06	176.12	177.83
chromium	153.0.8010.12	linux	clipart	0.25	2	816	1225	28034	threads	Wasm128	off (threads)	decode	cpu		cpu				1.59	0.05	193.27	194.91
chromium	153.0.8010.12	linux	clipart	0.75	3	816	1225	83202	threads	Wasm128	off (threads)	decode	cpu		cpu				1.49	10.14	200.48	212.11
chromium	153.0.8010.12	linux	car	0.25	1	1155	866	33016	simd	Wasm128	off (simd)	decode	cpu		cpu				1.20	57.60	816.70	875.50
chromium	153.0.8010.12	linux	car	0.75	2	1155	866	98890	simd	Wasm128	off (simd)	decode	cpu		cpu				1.50	48.90	768.40	818.80
chromium	153.0.8010.12	linux	mountain	0.25	1	1155	866	32887	simd	Wasm128	off (simd)	decode	cpu		cpu				1.80	8.30	767.60	777.70
chromium	153.0.8010.12	linux	mountain	0.75	2	1155	866	90684	simd	Wasm128	off (simd)	decode	cpu		cpu				1.60	8.40	764.50	774.50
chromium	153.0.8010.12	linux	dumplings	0.25	1	1155	866	32928	simd	Wasm128	off (simd)	decode	cpu		cpu				2.20	0.20	732.10	734.50
chromium	153.0.8010.12	linux	dumplings	0.75	2	1155	866	93621	simd	Wasm128	off (simd)	decode	cpu		cpu				1.50	0.00	731.00	732.50
chromium	153.0.8010.12	linux	artwork	0.25	1	1178	849	32964	simd	Wasm128	off (simd)	decode	cpu		cpu				1.40	0.00	730.00	731.40
chromium	153.0.8010.12	linux	artwork	0.75	2	1178	849	99407	simd	Wasm128	off (simd)	decode	cpu		cpu				1.50	0.00	747.10	748.60
chromium	153.0.8010.12	linux	brochure	0.25	1	841	1189	32824	simd	Wasm128	off (simd)	decode	cpu		cpu				1.40	0.00	746.90	748.30
chromium	153.0.8010.12	linux	brochure	0.75	1	841	1189	86466	simd	Wasm128	off (simd)	decode	cpu		cpu				1.70	8.10	758.10	767.90
chromium	153.0.8010.12	linux	patent-scan	0.25	0	825	1212	28041	simd	Wasm128	off (simd)	decode	cpu		cpu				1.30	46.50	734.40	782.20
chromium	153.0.8010.12	linux	patent-scan	0.75	1	825	1212	85887	simd	Wasm128	off (simd)	decode	cpu		cpu				1.80	8.60	734.40	744.80
chromium	153.0.8010.12	linux	line-plot	0.25	0	1000	1000	32827	simd	Wasm128	off (simd)	decode	cpu		cpu				1.30	8.10	725.50	734.90
chromium	153.0.8010.12	linux	line-plot	0.75	1	1000	1000	97944	simd	Wasm128	off (simd)	decode	cpu		cpu				9.90	0.10	726.90	736.90
chromium	153.0.8010.12	linux	clipart	0.25	2	816	1225	28034	simd	Wasm128	off (simd)	decode	cpu		cpu				1.70	7.30	740.50	749.50
chromium	153.0.8010.12	linux	clipart	0.75	3	816	1225	83202	simd	Wasm128	off (simd)	decode	cpu		cpu				1.70	48.30	746.30	796.30
chromium	153.0.8010.12	linux	car	0.25	1	1155	866	33016	threads	Wasm128	on	decode	cpu		google/swiftshader				19.83	119.52	360.17	499.52
chromium	153.0.8010.12	linux	car	0.25	1	1155	866	33016	threads	Wasm128	on	present	cpu	2d	google/swiftshader			this package has no GPU presentation	1.42	0.07	317.44	318.93
chromium	153.0.8010.12	linux	car	0.75	2	1155	866	98890	threads	Wasm128	on	decode	cpu		google/swiftshader				4.04	100.38	234.39	338.81
chromium	153.0.8010.12	linux	car	0.75	2	1155	866	98890	threads	Wasm128	on	present	cpu	2d	google/swiftshader			this package has no GPU presentation	1.46	0.07	256.07	257.60
chromium	153.0.8010.12	linux	mountain	0.25	1	1155	866	32887	threads	Wasm128	on	decode	cpu		google/swiftshader				1.95	0.09	277.45	279.50
chromium	153.0.8010.12	linux	mountain	0.25	1	1155	866	32887	threads	Wasm128	on	present	cpu	2d	google/swiftshader			this package has no GPU presentation	2.54	0.10	252.96	255.60
chromium	153.0.8010.12	linux	mountain	0.75	2	1155	866	90684	threads	Wasm128	on	decode	cpu		google/swiftshader				2.00	0.09	204.76	206.86
chromium	153.0.8010.12	linux	mountain	0.75	2	1155	866	90684	threads	Wasm128	on	present	cpu	2d	google/swiftshader			this package has no GPU presentation	1.61	0.08	204.68	206.36
chromium	153.0.8010.12	linux	dumplings	0.25	1	1155	866	32928	threads	Wasm128	on	decode	cpu		google/swiftshader				1.46	0.06	206.71	208.23
chromium	153.0.8010.12	linux	dumplings	0.25	1	1155	866	32928	threads	Wasm128	on	present	cpu	2d	google/swiftshader			this package has no GPU presentation	1.79	0.08	202.31	204.18
chromium	153.0.8010.12	linux	dumplings	0.75	2	1155	866	93621	threads	Wasm128	on	decode	cpu		google/swiftshader				1.69	0.05	188.82	190.55
chromium	153.0.8010.12	linux	dumplings	0.75	2	1155	866	93621	threads	Wasm128	on	present	cpu	2d	google/swiftshader			this package has no GPU presentation	1.72	0.05	199.08	200.85
chromium	153.0.8010.12	linux	artwork	0.25	1	1178	849	32964	threads	Wasm128	on	decode	cpu		google/swiftshader				1.58	0.05	207.01	208.64
chromium	153.0.8010.12	linux	artwork	0.25	1	1178	849	32964	threads	Wasm128	on	present	cpu	2d	google/swiftshader			this package has no GPU presentation	1.42	0.05	192.37	193.84
chromium	153.0.8010.12	linux	artwork	0.75	2	1178	849	99407	threads	Wasm128	on	decode	cpu		google/swiftshader				1.50	0.04	190.77	192.31
chromium	153.0.8010.12	linux	artwork	0.75	2	1178	849	99407	threads	Wasm128	on	present	cpu	2d	google/swiftshader			this package has no GPU presentation	1.59	0.04	305.16	306.79
chromium	153.0.8010.12	linux	brochure	0.25	1	841	1189	32824	threads	Wasm128	on	decode	cpu		google/swiftshader				1.34	0.17	294.34	295.85
chromium	153.0.8010.12	linux	brochure	0.25	1	841	1189	32824	threads	Wasm128	on	present	cpu	2d	google/swiftshader			this package has no GPU presentation	2.38	0.07	221.00	223.44
chromium	153.0.8010.12	linux	brochure	0.75	1	841	1189	86466	threads	Wasm128	on	decode	cpu		google/swiftshader				1.48	0.06	322.99	324.53
chromium	153.0.8010.12	linux	brochure	0.75	1	841	1189	86466	threads	Wasm128	on	present	cpu	2d	google/swiftshader			this package has no GPU presentation	2.61	0.10	273.37	276.07
chromium	153.0.8010.12	linux	patent-scan	0.25	0	825	1212	28041	threads	Wasm128	on	decode	cpu		google/swiftshader				1.81	72.17	297.15	371.14
chromium	153.0.8010.12	linux	patent-scan	0.25	0	825	1212	28041	threads	Wasm128	on	present	cpu	2d	google/swiftshader			this package has no GPU presentation	2.01	0.05	306.69	308.75
chromium	153.0.8010.12	linux	patent-scan	0.75	1	825	1212	85887	threads	Wasm128	on	decode	cpu		google/swiftshader				2.20	0.05	254.50	256.75
chromium	153.0.8010.12	linux	patent-scan	0.75	1	825	1212	85887	threads	Wasm128	on	present	cpu	2d	google/swiftshader			this package has no GPU presentation	1.78	0.05	276.31	278.14
chromium	153.0.8010.12	linux	line-plot	0.25	0	1000	1000	32827	threads	Wasm128	on	decode	cpu		google/swiftshader				1.92	0.04	291.25	293.21
chromium	153.0.8010.12	linux	line-plot	0.25	0	1000	1000	32827	threads	Wasm128	on	present	cpu	2d	google/swiftshader			this package has no GPU presentation	4.72	0.14	255.11	259.97
chromium	153.0.8010.12	linux	line-plot	0.75	1	1000	1000	97944	threads	Wasm128	on	decode	cpu		google/swiftshader				1.69	0.07	194.92	196.68
chromium	153.0.8010.12	linux	line-plot	0.75	1	1000	1000	97944	threads	Wasm128	on	present	cpu	2d	google/swiftshader			this package has no GPU presentation	1.38	0.05	203.66	205.10
chromium	153.0.8010.12	linux	clipart	0.25	2	816	1225	28034	threads	Wasm128	on	decode	cpu		google/swiftshader				1.32	0.04	213.78	215.15
chromium	153.0.8010.12	linux	clipart	0.25	2	816	1225	28034	threads	Wasm128	on	present	cpu	2d	google/swiftshader			this package has no GPU presentation	9.74	0.05	212.07	221.87
chromium	153.0.8010.12	linux	clipart	0.75	3	816	1225	83202	threads	Wasm128	on	decode	cpu		google/swiftshader				2.36	60.67	221.18	284.21
chromium	153.0.8010.12	linux	clipart	0.75	3	816	1225	83202	threads	Wasm128	on	present	cpu	2d	google/swiftshader			this package has no GPU presentation	5.27	0.08	222.89	228.24
chromium	153.0.8010.12	linux	car	0.25	1	1155	866	33016	threads	Wasm128	off (threads)	decode	cpu		cpu				1.03	15.41	223.88	240.33
chromium	153.0.8010.12	linux	car	0.75	2	1155	866	98890	threads	Wasm128	off (threads)	decode	cpu		cpu				1.50	10.33	188.40	200.23
chromium	153.0.8010.12	linux	mountain	0.25	1	1155	866	32887	threads	Wasm128	off (threads)	decode	cpu		cpu				1.55	0.09	438.63	440.27
chromium	153.0.8010.12	linux	mountain	0.75	2	1155	866	90684	threads	Wasm128	off (threads)	decode	cpu		cpu				10.80	0.07	391.72	402.59
chromium	153.0.8010.12	linux	dumplings	0.25	1	1155	866	32928	threads	Wasm128	off (threads)	decode	cpu		cpu				3.38	0.11	404.98	408.47
chromium	153.0.8010.12	linux	dumplings	0.75	2	1155	866	93621	threads	Wasm128	off (threads)	decode	cpu		cpu				5.93	0.07	403.84	409.84
chromium	153.0.8010.12	linux	artwork	0.25	1	1178	849	32964	threads	Wasm128	off (threads)	decode	cpu		cpu				3.30	0.07	306.11	309.48
chromium	153.0.8010.12	linux	artwork	0.75	2	1178	849	99407	threads	Wasm128	off (threads)	decode	cpu		cpu				2.71	0.13	189.03	191.87
chromium	153.0.8010.12	linux	brochure	0.25	1	841	1189	32824	threads	Wasm128	off (threads)	decode	cpu		cpu				1.49	0.06	319.98	321.53
chromium	153.0.8010.12	linux	brochure	0.75	1	841	1189	86466	threads	Wasm128	off (threads)	decode	cpu		cpu				2.17	0.12	261.09	263.37
chromium	153.0.8010.12	linux	patent-scan	0.25	0	825	1212	28041	threads	Wasm128	off (threads)	decode	cpu		cpu				3.60	14.19	251.20	268.99
chromium	153.0.8010.12	linux	patent-scan	0.75	1	825	1212	85887	threads	Wasm128	off (threads)	decode	cpu		cpu				2.54	0.11	277.13	279.78
chromium	153.0.8010.12	linux	line-plot	0.25	0	1000	1000	32827	threads	Wasm128	off (threads)	decode	cpu		cpu				5.16	0.10	227.62	232.88
chromium	153.0.8010.12	linux	line-plot	0.75	1	1000	1000	97944	threads	Wasm128	off (threads)	decode	cpu		cpu				1.98	0.09	184.06	186.13
chromium	153.0.8010.12	linux	clipart	0.25	2	816	1225	28034	threads	Wasm128	off (threads)	decode	cpu		cpu				4.00	0.10	290.75	294.84
chromium	153.0.8010.12	linux	clipart	0.75	3	816	1225	83202	threads	Wasm128	off (threads)	decode	cpu		cpu				2.26	26.69	255.18	284.13
chromium	153.0.8010.12	linux	car	0.25	1	1155	866	33016	simd	Wasm128	off (simd)	decode	cpu		cpu				1.00	64.70	935.10	1000.80
chromium	153.0.8010.12	linux	car	0.75	2	1155	866	98890	simd	Wasm128	off (simd)	decode	cpu		cpu				1.40	59.50	1355.40	1416.30
chromium	153.0.8010.12	linux	mountain	0.25	1	1155	866	32887	simd	Wasm128	off (simd)	decode	cpu		cpu				3.90	17.40	1119.70	1141.00
chromium	153.0.8010.12	linux	mountain	0.75	2	1155	866	90684	simd	Wasm128	off (simd)	decode	cpu		cpu				1.80	12.40	1188.20	1202.40
chromium	153.0.8010.12	linux	dumplings	0.25	1	1155	866	32928	simd	Wasm128	off (simd)	decode	cpu		cpu				15.60	0.10	1346.30	1362.00
chromium	153.0.8010.12	linux	dumplings	0.75	2	1155	866	93621	simd	Wasm128	off (simd)	decode	cpu		cpu				1.50	0.10	965.90	967.50
chromium	153.0.8010.12	linux	artwork	0.25	1	1178	849	32964	simd	Wasm128	off (simd)	decode	cpu		cpu				1.50	0.20	756.10	757.80
chromium	153.0.8010.12	linux	artwork	0.75	2	1178	849	99407	simd	Wasm128	off (simd)	decode	cpu		cpu				1.50	0.10	751.70	753.30
chromium	153.0.8010.12	linux	brochure	0.25	1	841	1189	32824	simd	Wasm128	off (simd)	decode	cpu		cpu				1.40	0.10	762.50	764.00
chromium	153.0.8010.12	linux	brochure	0.75	1	841	1189	86466	simd	Wasm128	off (simd)	decode	cpu		cpu				1.50	9.00	799.40	809.90
chromium	153.0.8010.12	linux	patent-scan	0.25	0	825	1212	28041	simd	Wasm128	off (simd)	decode	cpu		cpu				1.80	59.70	764.10	825.60
chromium	153.0.8010.12	linux	patent-scan	0.75	1	825	1212	85887	simd	Wasm128	off (simd)	decode	cpu		cpu				1.60	10.80	774.70	787.10
chromium	153.0.8010.12	linux	line-plot	0.25	0	1000	1000	32827	simd	Wasm128	off (simd)	decode	cpu		cpu				1.60	8.10	767.20	776.90
chromium	153.0.8010.12	linux	line-plot	0.75	1	1000	1000	97944	simd	Wasm128	off (simd)	decode	cpu		cpu				1.60	0.10	762.40	764.10
chromium	153.0.8010.12	linux	clipart	0.25	2	816	1225	28034	simd	Wasm128	off (simd)	decode	cpu		cpu				1.40	9.10	805.70	816.20
chromium	153.0.8010.12	linux	clipart	0.75	3	816	1225	83202	simd	Wasm128	off (simd)	decode	cpu		cpu				2.10	66.10	1155.80	1224.00
chromium	153.0.8010.12	linux	car	0.25	1	1155	866	33016	threads	Wasm128	on	decode	cpu		google/swiftshader				10.89	51.79	184.37	247.06
chromium	153.0.8010.12	linux	car	0.25	1	1155	866	33016	threads	Wasm128	on	present	cpu	2d	google/swiftshader			this package has no GPU presentation	1.64	0.06	103.07	104.76
chromium	153.0.8010.12	linux	car	0.75	2	1155	866	98890	threads	Wasm128	on	decode	cpu		google/swiftshader				1.70	49.36	106.52	157.59
chromium	153.0.8010.12	linux	car	0.75	2	1155	866	98890	threads	Wasm128	on	present	cpu	2d	google/swiftshader			this package has no GPU presentation	1.52	0.06	95.63	97.21
chromium	153.0.8010.12	linux	mountain	0.25	1	1155	866	32887	threads	Wasm128	on	decode	cpu		google/swiftshader				1.24	0.05	94.38	95.68
chromium	153.0.8010.12	linux	mountain	0.25	1	1155	866	32887	threads	Wasm128	on	present	cpu	2d	google/swiftshader			this package has no GPU presentation	5.41	0.05	99.48	104.94
chromium	153.0.8010.12	linux	mountain	0.75	2	1155	866	90684	threads	Wasm128	on	decode	cpu		google/swiftshader				1.62	0.05	97.50	99.17
chromium	153.0.8010.12	linux	mountain	0.75	2	1155	866	90684	threads	Wasm128	on	present	cpu	2d	google/swiftshader			this package has no GPU presentation	1.36	0.05	99.04	100.45
chromium	153.0.8010.12	linux	dumplings	0.25	1	1155	866	32928	threads	Wasm128	on	decode	cpu		google/swiftshader				1.54	0.06	98.77	100.37
chromium	153.0.8010.12	linux	dumplings	0.25	1	1155	866	32928	threads	Wasm128	on	present	cpu	2d	google/swiftshader			this package has no GPU presentation	1.53	0.02	101.45	103.00
chromium	153.0.8010.12	linux	dumplings	0.75	2	1155	866	93621	threads	Wasm128	on	decode	cpu		google/swiftshader				1.40	0.06	99.08	100.54
chromium	153.0.8010.12	linux	dumplings	0.75	2	1155	866	93621	threads	Wasm128	on	present	cpu	2d	google/swiftshader			this package has no GPU presentation	1.82	0.05	104.84	106.71
chromium	153.0.8010.12	linux	artwork	0.25	1	1178	849	32964	threads	Wasm128	on	decode	cpu		google/swiftshader				1.44	0.05	116.33	117.82
chromium	153.0.8010.12	linux	artwork	0.25	1	1178	849	32964	threads	Wasm128	on	present	cpu	2d	google/swiftshader			this package has no GPU presentation	1.22	0.04	111.15	112.41
chromium	153.0.8010.12	linux	artwork	0.75	2	1178	849	99407	threads	Wasm128	on	decode	cpu		google/swiftshader				1.31	0.04	103.40	104.75
chromium	153.0.8010.12	linux	artwork	0.75	2	1178	849	99407	threads	Wasm128	on	present	cpu	2d	google/swiftshader			this package has no GPU presentation	1.44	0.04	93.65	95.13
chromium	153.0.8010.12	linux	brochure	0.25	1	841	1189	32824	threads	Wasm128	on	decode	cpu		google/swiftshader				1.73	0.04	106.53	108.29
chromium	153.0.8010.12	linux	brochure	0.25	1	841	1189	32824	threads	Wasm128	on	present	cpu	2d	google/swiftshader			this package has no GPU presentation	1.44	0.04	91.33	92.80
chromium	153.0.8010.12	linux	brochure	0.75	1	841	1189	86466	threads	Wasm128	on	decode	cpu		google/swiftshader				1.51	0.03	96.58	98.12
chromium	153.0.8010.12	linux	brochure	0.75	1	841	1189	86466	threads	Wasm128	on	present	cpu	2d	google/swiftshader			this package has no GPU presentation	1.50	0.05	97.86	99.41
chromium	153.0.8010.12	linux	patent-scan	0.25	0	825	1212	28041	threads	Wasm128	on	decode	cpu		google/swiftshader				1.34	49.63	102.89	153.86
chromium	153.0.8010.12	linux	patent-scan	0.25	0	825	1212	28041	threads	Wasm128	on	present	cpu	2d	google/swiftshader			this package has no GPU presentation	1.53	0.05	93.12	94.70
chromium	153.0.8010.12	linux	patent-scan	0.75	1	825	1212	85887	threads	Wasm128	on	decode	cpu		google/swiftshader				1.28	0.04	97.74	99.06
chromium	153.0.8010.12	linux	patent-scan	0.75	1	825	1212	85887	threads	Wasm128	on	present	cpu	2d	google/swiftshader			this package has no GPU presentation	1.38	0.04	92.15	93.57
chromium	153.0.8010.12	linux	line-plot	0.25	0	1000	1000	32827	threads	Wasm128	on	decode	cpu		google/swiftshader				1.27	0.05	92.77	94.09
chromium	153.0.8010.12	linux	line-plot	0.25	0	1000	1000	32827	threads	Wasm128	on	present	cpu	2d	google/swiftshader			this package has no GPU presentation	1.32	0.03	93.99	95.33
chromium	153.0.8010.12	linux	line-plot	0.75	1	1000	1000	97944	threads	Wasm128	on	decode	cpu		google/swiftshader				1.34	0.03	93.28	94.65
chromium	153.0.8010.12	linux	line-plot	0.75	1	1000	1000	97944	threads	Wasm128	on	present	cpu	2d	google/swiftshader			this package has no GPU presentation	1.47	0.04	99.17	100.67
chromium	153.0.8010.12	linux	clipart	0.25	2	816	1225	28034	threads	Wasm128	on	decode	cpu		google/swiftshader				1.31	0.03	94.50	95.84
chromium	153.0.8010.12	linux	clipart	0.25	2	816	1225	28034	threads	Wasm128	on	present	cpu	2d	google/swiftshader			this package has no GPU presentation	1.24	0.04	96.49	97.77
chromium	153.0.8010.12	linux	clipart	0.75	3	816	1225	83202	threads	Wasm128	on	decode	cpu		google/swiftshader				1.50	47.15	103.16	151.81
chromium	153.0.8010.12	linux	clipart	0.75	3	816	1225	83202	threads	Wasm128	on	present	cpu	2d	google/swiftshader			this package has no GPU presentation	5.00	0.07	95.53	100.60
chromium	153.0.8010.12	linux	car	0.25	1	1155	866	33016	threads	Wasm128	off (threads)	decode	cpu		cpu				0.65	9.95	145.01	155.61
chromium	153.0.8010.12	linux	car	0.75	2	1155	866	98890	threads	Wasm128	off (threads)	decode	cpu		cpu				1.43	7.31	109.83	118.57
chromium	153.0.8010.12	linux	mountain	0.25	1	1155	866	32887	threads	Wasm128	off (threads)	decode	cpu		cpu				1.22	0.10	101.71	103.02
chromium	153.0.8010.12	linux	mountain	0.75	2	1155	866	90684	threads	Wasm128	off (threads)	decode	cpu		cpu				1.41	0.06	99.08	100.56
chromium	153.0.8010.12	linux	dumplings	0.25	1	1155	866	32928	threads	Wasm128	off (threads)	decode	cpu		cpu				1.30	0.05	102.44	103.79
chromium	153.0.8010.12	linux	dumplings	0.75	2	1155	866	93621	threads	Wasm128	off (threads)	decode	cpu		cpu				1.46	0.05	97.50	99.01
chromium	153.0.8010.12	linux	artwork	0.25	1	1178	849	32964	threads	Wasm128	off (threads)	decode	cpu		cpu				1.27	0.04	109.74	111.06
chromium	153.0.8010.12	linux	artwork	0.75	2	1178	849	99407	threads	Wasm128	off (threads)	decode	cpu		cpu				1.37	0.05	102.94	104.36
chromium	153.0.8010.12	linux	brochure	0.25	1	841	1189	32824	threads	Wasm128	off (threads)	decode	cpu		cpu				1.48	0.04	111.47	112.98
chromium	153.0.8010.12	linux	brochure	0.75	1	841	1189	86466	threads	Wasm128	off (threads)	decode	cpu		cpu				1.33	0.04	100.00	101.38
chromium	153.0.8010.12	linux	patent-scan	0.25	0	825	1212	28041	threads	Wasm128	off (threads)	decode	cpu		cpu				1.38	8.31	103.22	112.90
chromium	153.0.8010.12	linux	patent-scan	0.75	1	825	1212	85887	threads	Wasm128	off (threads)	decode	cpu		cpu				1.52	0.04	97.61	99.18
chromium	153.0.8010.12	linux	line-plot	0.25	0	1000	1000	32827	threads	Wasm128	off (threads)	decode	cpu		cpu				1.56	0.05	104.35	105.96
chromium	153.0.8010.12	linux	line-plot	0.75	1	1000	1000	97944	threads	Wasm128	off (threads)	decode	cpu		cpu				1.41	0.04	96.06	97.51
chromium	153.0.8010.12	linux	clipart	0.25	2	816	1225	28034	threads	Wasm128	off (threads)	decode	cpu		cpu				1.56	0.03	97.51	99.11
chromium	153.0.8010.12	linux	clipart	0.75	3	816	1225	83202	threads	Wasm128	off (threads)	decode	cpu		cpu				1.36	9.16	104.08	114.60
chromium	153.0.8010.12	linux	car	0.25	1	1155	866	33016	simd	Wasm128	off (simd)	decode	cpu		cpu				0.70	55.00	801.10	856.80
chromium	153.0.8010.12	linux	car	0.75	2	1155	866	98890	simd	Wasm128	off (simd)	decode	cpu		cpu				1.50	49.40	752.80	803.70
chromium	153.0.8010.12	linux	mountain	0.25	1	1155	866	32887	simd	Wasm128	off (simd)	decode	cpu		cpu				1.50	9.10	756.70	767.30
chromium	153.0.8010.12	linux	mountain	0.75	2	1155	866	90684	simd	Wasm128	off (simd)	decode	cpu		cpu				1.50	9.00	750.00	760.50
chromium	153.0.8010.12	linux	dumplings	0.25	1	1155	866	32928	simd	Wasm128	off (simd)	decode	cpu		cpu				1.30	0.10	718.00	719.40
chromium	153.0.8010.12	linux	dumplings	0.75	2	1155	866	93621	simd	Wasm128	off (simd)	decode	cpu		cpu				1.40	0.10	715.60	717.10
chromium	153.0.8010.12	linux	artwork	0.25	1	1178	849	32964	simd	Wasm128	off (simd)	decode	cpu		cpu				1.50	0.10	717.90	719.50
chromium	153.0.8010.12	linux	artwork	0.75	2	1178	849	99407	simd	Wasm128	off (simd)	decode	cpu		cpu				1.30	0.10	727.10	728.50
chromium	153.0.8010.12	linux	brochure	0.25	1	841	1189	32824	simd	Wasm128	off (simd)	decode	cpu		cpu				1.30	0.10	730.50	731.90
chromium	153.0.8010.12	linux	brochure	0.75	1	841	1189	86466	simd	Wasm128	off (simd)	decode	cpu		cpu				1.70	8.40	738.00	748.10
chromium	153.0.8010.12	linux	patent-scan	0.25	0	825	1212	28041	simd	Wasm128	off (simd)	decode	cpu		cpu				1.50	44.30	716.00	761.80
chromium	153.0.8010.12	linux	patent-scan	0.75	1	825	1212	85887	simd	Wasm128	off (simd)	decode	cpu		cpu				1.20	7.80	719.50	728.50
chromium	153.0.8010.12	linux	line-plot	0.25	0	1000	1000	32827	simd	Wasm128	off (simd)	decode	cpu		cpu				1.20	7.70	717.40	726.30
chromium	153.0.8010.12	linux	line-plot	0.75	1	1000	1000	97944	simd	Wasm128	off (simd)	decode	cpu		cpu				1.20	0.10	709.40	710.70
chromium	153.0.8010.12	linux	clipart	0.25	2	816	1225	28034	simd	Wasm128	off (simd)	decode	cpu		cpu				1.30	7.40	721.20	729.90
chromium	153.0.8010.12	linux	clipart	0.75	3	816	1225	83202	simd	Wasm128	off (simd)	decode	cpu		cpu				1.80	44.70	721.80	768.30
 chromium	153.0.8010.12	linux	car	0.25	1	1155	866	33016	threads	Wasm128	auto	decode	cpu		only a software WebGPU adapter (fallback)				0.86	53.82	179.35	234.02
 chromium	153.0.8010.12	linux	car	0.25	1	1155	866	33016	threads	Wasm128	auto	present	cpu	2d	only a software WebGPU adapter (fallback)			this package has no GPU presentation	1.40	0.05	110.29	111.74
 chromium	153.0.8010.12	linux	car	0.75	2	1155	866	98890	threads	Wasm128	auto	decode	cpu		only a software WebGPU adapter (fallback)				1.57	52.33	115.93	169.83
 chromium	153.0.8010.12	linux	car	0.75	2	1155	866	98890	threads	Wasm128	auto	present	cpu	2d	only a software WebGPU adapter (fallback)			this package has no GPU presentation	1.90	0.06	98.88	100.83
 chromium	153.0.8010.12	linux	mountain	0.25	1	1155	866	32887	threads	Wasm128	auto	decode	cpu		only a software WebGPU adapter (fallback)				1.67	0.04	97.06	98.77
 chromium	153.0.8010.12	linux	mountain	0.25	1	1155	866	32887	threads	Wasm128	auto	present	cpu	2d	only a software WebGPU adapter (fallback)			this package has no GPU presentation	1.51	0.04	94.97	96.51
 chromium	153.0.8010.12	linux	mountain	0.75	2	1155	866	90684	threads	Wasm128	auto	decode	cpu		only a software WebGPU adapter (fallback)				1.62	0.04	91.78	93.44
 chromium	153.0.8010.12	linux	mountain	0.75	2	1155	866	90684	threads	Wasm128	auto	present	cpu	2d	only a software WebGPU adapter (fallback)			this package has no GPU presentation	1.35	0.04	96.38	97.77
 chromium	153.0.8010.12	linux	dumplings	0.25	1	1155	866	32928	threads	Wasm128	auto	decode	cpu		only a software WebGPU adapter (fallback)				1.44	0.04	96.98	98.47
 chromium	153.0.8010.12	linux	dumplings	0.25	1	1155	866	32928	threads	Wasm128	auto	present	cpu	2d	only a software WebGPU adapter (fallback)			this package has no GPU presentation	1.53	0.05	104.23	105.81
 chromium	153.0.8010.12	linux	dumplings	0.75	2	1155	866	93621	threads	Wasm128	auto	decode	cpu		only a software WebGPU adapter (fallback)				1.64	0.05	98.42	100.12
 chromium	153.0.8010.12	linux	dumplings	0.75	2	1155	866	93621	threads	Wasm128	auto	present	cpu	2d	only a software WebGPU adapter (fallback)			this package has no GPU presentation	1.61	0.04	96.07	97.72
 chromium	153.0.8010.12	linux	artwork	0.25	1	1178	849	32964	threads	Wasm128	auto	decode	cpu		only a software WebGPU adapter (fallback)				1.48	0.04	99.16	100.67
 chromium	153.0.8010.12	linux	artwork	0.25	1	1178	849	32964	threads	Wasm128	auto	present	cpu	2d	only a software WebGPU adapter (fallback)			this package has no GPU presentation	1.19	0.05	99.05	100.29
 chromium	153.0.8010.12	linux	artwork	0.75	2	1178	849	99407	threads	Wasm128	auto	decode	cpu		only a software WebGPU adapter (fallback)				1.30	0.04	97.34	98.68
 chromium	153.0.8010.12	linux	artwork	0.75	2	1178	849	99407	threads	Wasm128	auto	present	cpu	2d	only a software WebGPU adapter (fallback)			this package has no GPU presentation	1.78	0.05	92.37	94.20
 chromium	153.0.8010.12	linux	brochure	0.25	1	841	1189	32824	threads	Wasm128	auto	decode	cpu		only a software WebGPU adapter (fallback)				1.38	0.04	101.33	102.75
 chromium	153.0.8010.12	linux	brochure	0.25	1	841	1189	32824	threads	Wasm128	auto	present	cpu	2d	only a software WebGPU adapter (fallback)			this package has no GPU presentation	1.29	0.03	90.74	92.06
 chromium	153.0.8010.12	linux	brochure	0.75	1	841	1189	86466	threads	Wasm128	auto	decode	cpu		only a software WebGPU adapter (fallback)				1.49	0.04	93.15	94.68
 chromium	153.0.8010.12	linux	brochure	0.75	1	841	1189	86466	threads	Wasm128	auto	present	cpu	2d	only a software WebGPU adapter (fallback)			this package has no GPU presentation	1.52	0.03	97.90	99.45
 chromium	153.0.8010.12	linux	patent-scan	0.25	0	825	1212	28041	threads	Wasm128	auto	decode	cpu		only a software WebGPU adapter (fallback)				1.37	48.68	101.04	151.09
 chromium	153.0.8010.12	linux	patent-scan	0.25	0	825	1212	28041	threads	Wasm128	auto	present	cpu	2d	only a software WebGPU adapter (fallback)			this package has no GPU presentation	1.49	0.04	90.26	91.79
 chromium	153.0.8010.12	linux	patent-scan	0.75	1	825	1212	85887	threads	Wasm128	auto	decode	cpu		only a software WebGPU adapter (fallback)				1.51	0.05	88.53	90.09
 chromium	153.0.8010.12	linux	patent-scan	0.75	1	825	1212	85887	threads	Wasm128	auto	present	cpu	2d	only a software WebGPU adapter (fallback)			this package has no GPU presentation	1.75	0.04	91.22	93.00
 chromium	153.0.8010.12	linux	line-plot	0.25	0	1000	1000	32827	threads	Wasm128	auto	decode	cpu		only a software WebGPU adapter (fallback)				1.81	0.05	98.38	100.24
 chromium	153.0.8010.12	linux	line-plot	0.25	0	1000	1000	32827	threads	Wasm128	auto	present	cpu	2d	only a software WebGPU adapter (fallback)			this package has no GPU presentation	1.90	0.05	89.34	91.29
 chromium	153.0.8010.12	linux	line-plot	0.75	1	1000	1000	97944	threads	Wasm128	auto	decode	cpu		only a software WebGPU adapter (fallback)				1.63	0.04	102.01	103.68
 chromium	153.0.8010.12	linux	line-plot	0.75	1	1000	1000	97944	threads	Wasm128	auto	present	cpu	2d	only a software WebGPU adapter (fallback)			this package has no GPU presentation	1.83	0.04	106.63	108.50
 chromium	153.0.8010.12	linux	clipart	0.25	2	816	1225	28034	threads	Wasm128	auto	decode	cpu		only a software WebGPU adapter (fallback)				1.70	0.05	101.28	103.03
 chromium	153.0.8010.12	linux	clipart	0.25	2	816	1225	28034	threads	Wasm128	auto	present	cpu	2d	only a software WebGPU adapter (fallback)			this package has no GPU presentation	1.44	0.06	94.69	96.19
 chromium	153.0.8010.12	linux	clipart	0.75	3	816	1225	83202	threads	Wasm128	auto	decode	cpu		only a software WebGPU adapter (fallback)				1.54	47.89	100.30	149.74
 chromium	153.0.8010.12	linux	clipart	0.75	3	816	1225	83202	threads	Wasm128	auto	present	cpu	2d	only a software WebGPU adapter (fallback)			this package has no GPU presentation	4.48	0.03	95.60	100.11
chromium	153.0.8010.12	linux	car	0.25	1	1155	866	33016	threads	Wasm128	auto	decode	cpu		only a software WebGPU adapter (fallback)				0.83	50.97	184.43	236.23
chromium	153.0.8010.12	linux	car	0.25	1	1155	866	33016	threads	Wasm128	auto	present	cpu	2d	only a software WebGPU adapter (fallback)			this package has no GPU presentation	1.31	0.05	118.06	119.42
chromium	153.0.8010.12	linux	car	0.75	2	1155	866	98890	threads	Wasm128	auto	decode	cpu		only a software WebGPU adapter (fallback)				1.56	49.83	101.52	152.91
chromium	153.0.8010.12	linux	car	0.75	2	1155	866	98890	threads	Wasm128	auto	present	cpu	2d	only a software WebGPU adapter (fallback)			this package has no GPU presentation	1.59	0.06	92.01	93.66
chromium	153.0.8010.12	linux	mountain	0.25	1	1155	866	32887	threads	Wasm128	auto	decode	cpu		only a software WebGPU adapter (fallback)				1.57	0.04	97.93	99.54
chromium	153.0.8010.12	linux	mountain	0.25	1	1155	866	32887	threads	Wasm128	auto	present	cpu	2d	only a software WebGPU adapter (fallback)			this package has no GPU presentation	1.62	0.05	97.83	99.50
chromium	153.0.8010.12	linux	mountain	0.75	2	1155	866	90684	threads	Wasm128	auto	decode	cpu		only a software WebGPU adapter (fallback)				1.72	0.06	93.92	95.70
chromium	153.0.8010.12	linux	mountain	0.75	2	1155	866	90684	threads	Wasm128	auto	present	cpu	2d	only a software WebGPU adapter (fallback)			this package has no GPU presentation	1.53	0.05	95.35	96.93
chromium	153.0.8010.12	linux	dumplings	0.25	1	1155	866	32928	threads	Wasm128	auto	decode	cpu		only a software WebGPU adapter (fallback)				1.40	0.04	111.34	112.78
chromium	153.0.8010.12	linux	dumplings	0.25	1	1155	866	32928	threads	Wasm128	auto	present	cpu	2d	only a software WebGPU adapter (fallback)			this package has no GPU presentation	1.29	0.04	97.16	98.50
chromium	153.0.8010.12	linux	dumplings	0.75	2	1155	866	93621	threads	Wasm128	auto	decode	cpu		only a software WebGPU adapter (fallback)				1.42	0.03	117.96	119.41
chromium	153.0.8010.12	linux	dumplings	0.75	2	1155	866	93621	threads	Wasm128	auto	present	cpu	2d	only a software WebGPU adapter (fallback)			this package has no GPU presentation	1.46	0.04	119.90	121.40
chromium	153.0.8010.12	linux	artwork	0.25	1	1178	849	32964	threads	Wasm128	auto	decode	cpu		only a software WebGPU adapter (fallback)				1.14	0.04	115.51	116.69
chromium	153.0.8010.12	linux	artwork	0.25	1	1178	849	32964	threads	Wasm128	auto	present	cpu	2d	only a software WebGPU adapter (fallback)			this package has no GPU presentation	0.96	0.04	102.79	103.80
chromium	153.0.8010.12	linux	artwork	0.75	2	1178	849	99407	threads	Wasm128	auto	decode	cpu		only a software WebGPU adapter (fallback)				1.53	0.05	120.23	121.80
chromium	153.0.8010.12	linux	artwork	0.75	2	1178	849	99407	threads	Wasm128	auto	present	cpu	2d	only a software WebGPU adapter (fallback)			this package has no GPU presentation	1.21	0.04	112.69	113.94
chromium	153.0.8010.12	linux	brochure	0.25	1	841	1189	32824	threads	Wasm128	auto	decode	cpu		only a software WebGPU adapter (fallback)				1.27	0.03	96.36	97.66
chromium	153.0.8010.12	linux	brochure	0.25	1	841	1189	32824	threads	Wasm128	auto	present	cpu	2d	only a software WebGPU adapter (fallback)			this package has no GPU presentation	1.14	0.04	93.80	94.99
chromium	153.0.8010.12	linux	brochure	0.75	1	841	1189	86466	threads	Wasm128	auto	decode	cpu		only a software WebGPU adapter (fallback)				1.42	0.03	98.45	99.90
chromium	153.0.8010.12	linux	brochure	0.75	1	841	1189	86466	threads	Wasm128	auto	present	cpu	2d	only a software WebGPU adapter (fallback)			this package has no GPU presentation	1.32	0.05	89.34	90.70
chromium	153.0.8010.12	linux	patent-scan	0.25	0	825	1212	28041	threads	Wasm128	auto	decode	cpu		only a software WebGPU adapter (fallback)				1.28	48.27	95.59	145.14
chromium	153.0.8010.12	linux	patent-scan	0.25	0	825	1212	28041	threads	Wasm128	auto	present	cpu	2d	only a software WebGPU adapter (fallback)			this package has no GPU presentation	1.54	0.03	89.41	90.97
chromium	153.0.8010.12	linux	patent-scan	0.75	1	825	1212	85887	threads	Wasm128	auto	decode	cpu		only a software WebGPU adapter (fallback)				1.55	0.03	94.35	95.93
chromium	153.0.8010.12	linux	patent-scan	0.75	1	825	1212	85887	threads	Wasm128	auto	present	cpu	2d	only a software WebGPU adapter (fallback)			this package has no GPU presentation	1.52	0.05	94.73	96.29
chromium	153.0.8010.12	linux	line-plot	0.25	0	1000	1000	32827	threads	Wasm128	auto	decode	cpu		only a software WebGPU adapter (fallback)				1.68	0.05	97.80	99.53
chromium	153.0.8010.12	linux	line-plot	0.25	0	1000	1000	32827	threads	Wasm128	auto	present	cpu	2d	only a software WebGPU adapter (fallback)			this package has no GPU presentation	1.45	0.05	106.63	108.13
chromium	153.0.8010.12	linux	line-plot	0.75	1	1000	1000	97944	threads	Wasm128	auto	decode	cpu		only a software WebGPU adapter (fallback)				1.37	0.04	92.29	93.71
chromium	153.0.8010.12	linux	line-plot	0.75	1	1000	1000	97944	threads	Wasm128	auto	present	cpu	2d	only a software WebGPU adapter (fallback)			this package has no GPU presentation	1.50	0.04	91.51	93.06
chromium	153.0.8010.12	linux	clipart	0.25	2	816	1225	28034	threads	Wasm128	auto	decode	cpu		only a software WebGPU adapter (fallback)				1.49	0.05	96.86	98.39
chromium	153.0.8010.12	linux	clipart	0.25	2	816	1225	28034	threads	Wasm128	auto	present	cpu	2d	only a software WebGPU adapter (fallback)			this package has no GPU presentation	1.45	0.04	88.43	89.93
chromium	153.0.8010.12	linux	clipart	0.75	3	816	1225	83202	threads	Wasm128	auto	decode	cpu		only a software WebGPU adapter (fallback)				1.52	46.92	102.72	151.16
chromium	153.0.8010.12	linux	clipart	0.75	3	816	1225	83202	threads	Wasm128	auto	present	cpu	2d	only a software WebGPU adapter (fallback)			this package has no GPU presentation	3.40	0.05	90.63	94.09
chromium	153.0.8010.12	linux	car	0.25	1	1155	866	33016	threads	Wasm128	on	decode	cpu		google/swiftshader				10.87	48.42	177.10	236.38
chromium	153.0.8010.12	linux	car	0.25	1	1155	866	33016	threads	Wasm128	on	present	cpu	2d	google/swiftshader			this package has no GPU presentation	1.45	0.05	113.12	114.62
chromium	153.0.8010.12	linux	car	0.75	2	1155	866	98890	threads	Wasm128	on	decode	cpu		google/swiftshader				1.70	48.77	105.68	156.15
chromium	153.0.8010.12	linux	car	0.75	2	1155	866	98890	threads	Wasm128	on	present	cpu	2d	google/swiftshader			this package has no GPU presentation	1.48	0.06	98.35	99.88
chromium	153.0.8010.12	linux	mountain	0.25	1	1155	866	32887	threads	Wasm128	on	decode	cpu		google/swiftshader				1.55	0.04	95.01	96.60
chromium	153.0.8010.12	linux	mountain	0.25	1	1155	866	32887	threads	Wasm128	on	present	cpu	2d	google/swiftshader			this package has no GPU presentation	1.30	0.03	95.90	97.23
chromium	153.0.8010.12	linux	mountain	0.75	2	1155	866	90684	threads	Wasm128	on	decode	cpu		google/swiftshader				1.66	0.06	97.40	99.12
chromium	153.0.8010.12	linux	mountain	0.75	2	1155	866	90684	threads	Wasm128	on	present	cpu	2d	google/swiftshader			this package has no GPU presentation	1.47	0.03	96.68	98.18
chromium	153.0.8010.12	linux	dumplings	0.25	1	1155	866	32928	threads	Wasm128	on	decode	cpu		google/swiftshader				1.48	0.04	99.12	100.64
chromium	153.0.8010.12	linux	dumplings	0.25	1	1155	866	32928	threads	Wasm128	on	present	cpu	2d	google/swiftshader			this package has no GPU presentation	1.52	0.03	100.41	101.97
chromium	153.0.8010.12	linux	dumplings	0.75	2	1155	866	93621	threads	Wasm128	on	decode	cpu		google/swiftshader				1.51	0.04	99.25	100.80
chromium	153.0.8010.12	linux	dumplings	0.75	2	1155	866	93621	threads	Wasm128	on	present	cpu	2d	google/swiftshader			this package has no GPU presentation	1.63	0.05	98.40	100.07
chromium	153.0.8010.12	linux	artwork	0.25	1	1178	849	32964	threads	Wasm128	on	decode	cpu		google/swiftshader				1.25	0.06	107.24	108.55
chromium	153.0.8010.12	linux	artwork	0.25	1	1178	849	32964	threads	Wasm128	on	present	cpu	2d	google/swiftshader			this package has no GPU presentation	1.21	0.04	95.63	96.88
chromium	153.0.8010.12	linux	artwork	0.75	2	1178	849	99407	threads	Wasm128	on	decode	cpu		google/swiftshader				1.40	0.05	97.70	99.15
chromium	153.0.8010.12	linux	artwork	0.75	2	1178	849	99407	threads	Wasm128	on	present	cpu	2d	google/swiftshader			this package has no GPU presentation	1.36	0.04	101.51	102.91
chromium	153.0.8010.12	linux	brochure	0.25	1	841	1189	32824	threads	Wasm128	on	decode	cpu		google/swiftshader				1.17	0.03	110.00	111.20
chromium	153.0.8010.12	linux	brochure	0.25	1	841	1189	32824	threads	Wasm128	on	present	cpu	2d	google/swiftshader			this package has no GPU presentation	1.18	0.03	96.02	97.23
chromium	153.0.8010.12	linux	brochure	0.75	1	841	1189	86466	threads	Wasm128	on	decode	cpu		google/swiftshader				1.43	0.04	96.21	97.68
chromium	153.0.8010.12	linux	brochure	0.75	1	841	1189	86466	threads	Wasm128	on	present	cpu	2d	google/swiftshader			this package has no GPU presentation	1.48	0.06	98.76	100.30
chromium	153.0.8010.12	linux	patent-scan	0.25	0	825	1212	28041	threads	Wasm128	on	decode	cpu		google/swiftshader				1.56	48.31	104.56	154.42
chromium	153.0.8010.12	linux	patent-scan	0.25	0	825	1212	28041	threads	Wasm128	on	present	cpu	2d	google/swiftshader			this package has no GPU presentation	1.58	0.04	93.31	94.93
chromium	153.0.8010.12	linux	patent-scan	0.75	1	825	1212	85887	threads	Wasm128	on	decode	cpu		google/swiftshader				1.88	0.04	98.17	100.08
chromium	153.0.8010.12	linux	patent-scan	0.75	1	825	1212	85887	threads	Wasm128	on	present	cpu	2d	google/swiftshader			this package has no GPU presentation	1.60	0.04	98.88	100.52
chromium	153.0.8010.12	linux	line-plot	0.25	0	1000	1000	32827	threads	Wasm128	on	decode	cpu		google/swiftshader				1.79	0.05	96.57	98.41
chromium	153.0.8010.12	linux	line-plot	0.25	0	1000	1000	32827	threads	Wasm128	on	present	cpu	2d	google/swiftshader			this package has no GPU presentation	1.45	0.04	94.65	96.14
chromium	153.0.8010.12	linux	line-plot	0.75	1	1000	1000	97944	threads	Wasm128	on	decode	cpu		google/swiftshader				1.40	0.04	95.42	96.87
chromium	153.0.8010.12	linux	line-plot	0.75	1	1000	1000	97944	threads	Wasm128	on	present	cpu	2d	google/swiftshader			this package has no GPU presentation	1.43	0.06	95.63	97.12
chromium	153.0.8010.12	linux	clipart	0.25	2	816	1225	28034	threads	Wasm128	on	decode	cpu		google/swiftshader				3.07	0.04	91.54	94.65
chromium	153.0.8010.12	linux	clipart	0.25	2	816	1225	28034	threads	Wasm128	on	present	cpu	2d	google/swiftshader			this package has no GPU presentation	1.38	0.04	94.18	95.60
chromium	153.0.8010.12	linux	clipart	0.75	3	816	1225	83202	threads	Wasm128	on	decode	cpu		google/swiftshader				1.75	46.01	101.27	149.04
chromium	153.0.8010.12	linux	clipart	0.75	3	816	1225	83202	threads	Wasm128	on	present	cpu	2d	google/swiftshader			this package has no GPU presentation	5.61	0.07	95.24	100.91
chromium	153.0.8010.12	linux	car	0.25	1	1155	866	33016	threads	Wasm128	off (threads)	decode	cpu		cpu				0.72	9.30	134.80	144.82
chromium	153.0.8010.12	linux	car	0.75	2	1155	866	98890	threads	Wasm128	off (threads)	decode	cpu		cpu				1.30	8.19	111.20	120.68
chromium	153.0.8010.12	linux	mountain	0.25	1	1155	866	32887	threads	Wasm128	off (threads)	decode	cpu		cpu				1.21	0.05	100.26	101.52
chromium	153.0.8010.12	linux	mountain	0.75	2	1155	866	90684	threads	Wasm128	off (threads)	decode	cpu		cpu				1.66	0.05	98.96	100.67
chromium	153.0.8010.12	linux	dumplings	0.25	1	1155	866	32928	threads	Wasm128	off (threads)	decode	cpu		cpu				1.35	0.03	104.94	106.32
chromium	153.0.8010.12	linux	dumplings	0.75	2	1155	866	93621	threads	Wasm128	off (threads)	decode	cpu		cpu				1.44	0.05	102.40	103.89
chromium	153.0.8010.12	linux	artwork	0.25	1	1178	849	32964	threads	Wasm128	off (threads)	decode	cpu		cpu				1.29	0.04	114.30	115.62
chromium	153.0.8010.12	linux	artwork	0.75	2	1178	849	99407	threads	Wasm128	off (threads)	decode	cpu		cpu				1.32	0.07	104.89	106.28
chromium	153.0.8010.12	linux	brochure	0.25	1	841	1189	32824	threads	Wasm128	off (threads)	decode	cpu		cpu				1.20	0.06	116.66	117.92
chromium	153.0.8010.12	linux	brochure	0.75	1	841	1189	86466	threads	Wasm128	off (threads)	decode	cpu		cpu				1.59	0.08	103.42	105.08
chromium	153.0.8010.12	linux	patent-scan	0.25	0	825	1212	28041	threads	Wasm128	off (threads)	decode	cpu		cpu				1.35	8.71	107.33	117.38
chromium	153.0.8010.12	linux	patent-scan	0.75	1	825	1212	85887	threads	Wasm128	off (threads)	decode	cpu		cpu				1.87	0.05	97.75	99.66
chromium	153.0.8010.12	linux	line-plot	0.25	0	1000	1000	32827	threads	Wasm128	off (threads)	decode	cpu		cpu				1.49	0.05	103.50	105.03
chromium	153.0.8010.12	linux	line-plot	0.75	1	1000	1000	97944	threads	Wasm128	off (threads)	decode	cpu		cpu				9.92	0.07	90.46	100.46
chromium	153.0.8010.12	linux	clipart	0.25	2	816	1225	28034	threads	Wasm128	off (threads)	decode	cpu		cpu				1.60	0.02	98.12	99.74
chromium	153.0.8010.12	linux	clipart	0.75	3	816	1225	83202	threads	Wasm128	off (threads)	decode	cpu		cpu				1.52	10.03	110.65	122.20
chromium	153.0.8010.12	linux	car	0.25	1	1155	866	33016	simd	Wasm128	off (simd)	decode	cpu		cpu				1.00	50.20	807.50	858.70
chromium	153.0.8010.12	linux	car	0.75	2	1155	866	98890	simd	Wasm128	off (simd)	decode	cpu		cpu				1.40	49.30	758.50	809.20
chromium	153.0.8010.12	linux	mountain	0.25	1	1155	866	32887	simd	Wasm128	off (simd)	decode	cpu		cpu				1.40	9.00	760.90	771.30
chromium	153.0.8010.12	linux	mountain	0.75	2	1155	866	90684	simd	Wasm128	off (simd)	decode	cpu		cpu				1.60	8.90	762.80	773.30
chromium	153.0.8010.12	linux	dumplings	0.25	1	1155	866	32928	simd	Wasm128	off (simd)	decode	cpu		cpu				1.30	0.10	718.80	720.20
chromium	153.0.8010.12	linux	dumplings	0.75	2	1155	866	93621	simd	Wasm128	off (simd)	decode	cpu		cpu				1.50	0.10	723.90	725.50
chromium	153.0.8010.12	linux	artwork	0.25	1	1178	849	32964	simd	Wasm128	off (simd)	decode	cpu		cpu				1.40	0.10	725.70	727.20
chromium	153.0.8010.12	linux	artwork	0.75	2	1178	849	99407	simd	Wasm128	off (simd)	decode	cpu		cpu				1.40	0.10	728.50	730.00
chromium	153.0.8010.12	linux	brochure	0.25	1	841	1189	32824	simd	Wasm128	off (simd)	decode	cpu		cpu				1.30	0.10	736.10	737.50
chromium	153.0.8010.12	linux	brochure	0.75	1	841	1189	86466	simd	Wasm128	off (simd)	decode	cpu		cpu				1.40	8.30	745.20	754.90
chromium	153.0.8010.12	linux	patent-scan	0.25	0	825	1212	28041	simd	Wasm128	off (simd)	decode	cpu		cpu				1.30	47.50	722.90	771.70
chromium	153.0.8010.12	linux	patent-scan	0.75	1	825	1212	85887	simd	Wasm128	off (simd)	decode	cpu		cpu				1.30	7.70	722.40	731.40
chromium	153.0.8010.12	linux	line-plot	0.25	0	1000	1000	32827	simd	Wasm128	off (simd)	decode	cpu		cpu				1.20	8.00	725.50	734.70
chromium	153.0.8010.12	linux	line-plot	0.75	1	1000	1000	97944	simd	Wasm128	off (simd)	decode	cpu		cpu				1.40	0.00	715.50	716.90
chromium	153.0.8010.12	linux	clipart	0.25	2	816	1225	28034	simd	Wasm128	off (simd)	decode	cpu		cpu				1.60	7.40	728.50	737.50
chromium	153.0.8010.12	linux	clipart	0.75	3	816	1225	83202	simd	Wasm128	off (simd)	decode	cpu		cpu				1.40	47.70	728.20	777.30
chromium	153.0.8010.12	linux	car	0.25	1	1155	866	33016	webgpu	Wasm128	on	decode	gpu		nvidia/turing	false	20269152		1.48	51.25	270.52	323.24
chromium	153.0.8010.12	linux	car	0.25	1	1155	866	33016	webgpu	Wasm128	on	present	gpu	gpu	nvidia/turing	false	20118976		1.49	0.05	182.37	183.90
chromium	153.0.8010.12	linux	car	0.75	2	1155	866	98890	webgpu	Wasm128	on	decode	gpu		nvidia/turing	false	20119552		1.51	52.69	190.82	245.03
chromium	153.0.8010.12	linux	car	0.75	2	1155	866	98890	webgpu	Wasm128	on	present	gpu	gpu	nvidia/turing	false	20125696		2.22	0.05	179.99	182.26
chromium	153.0.8010.12	linux	mountain	0.25	1	1155	866	32887	webgpu	Wasm128	on	decode	gpu		nvidia/turing	false	20150272		1.37	0.05	179.56	180.98
chromium	153.0.8010.12	linux	mountain	0.25	1	1155	866	32887	webgpu	Wasm128	on	present	gpu	gpu	nvidia/turing	false	20088384		1.60	0.06	178.41	180.06
chromium	153.0.8010.12	linux	mountain	0.75	2	1155	866	90684	webgpu	Wasm128	on	decode	gpu		nvidia/turing	false	20072448		1.35	0.04	180.26	181.65
chromium	153.0.8010.12	linux	mountain	0.75	2	1155	866	90684	webgpu	Wasm128	on	present	gpu	gpu	nvidia/turing	false	20148224		1.58	0.04	177.66	179.28
chromium	153.0.8010.12	linux	dumplings	0.25	1	1155	866	32928	webgpu	Wasm128	on	decode	gpu		nvidia/turing	false	22268640		1.52	0.04	181.67	183.24
chromium	153.0.8010.12	linux	dumplings	0.25	1	1155	866	32928	webgpu	Wasm128	on	present	gpu	gpu	nvidia/turing	false	22305376		1.51	0.05	180.81	182.38
chromium	153.0.8010.12	linux	dumplings	0.75	2	1155	866	93621	webgpu	Wasm128	on	decode	gpu		nvidia/turing	false	22247424		1.24	0.03	181.85	183.12
chromium	153.0.8010.12	linux	dumplings	0.75	2	1155	866	93621	webgpu	Wasm128	on	present	gpu	gpu	nvidia/turing	false	22270560		1.58	0.02	180.68	182.28
chromium	153.0.8010.12	linux	artwork	0.25	1	1178	849	32964	webgpu	Wasm128	on	decode	gpu		nvidia/turing	false	22407168		1.37	0.02	176.75	178.14
chromium	153.0.8010.12	linux	artwork	0.25	1	1178	849	32964	webgpu	Wasm128	on	present	gpu	gpu	nvidia/turing	false	22359200		1.47	0.04	173.92	175.43
chromium	153.0.8010.12	linux	artwork	0.75	2	1178	849	99407	webgpu	Wasm128	on	decode	gpu		nvidia/turing	false	22268128		1.62	0.03	176.42	178.07
chromium	153.0.8010.12	linux	artwork	0.75	2	1178	849	99407	webgpu	Wasm128	on	present	gpu	gpu	nvidia/turing	false	22310912		1.67	0.03	176.38	178.08
chromium	153.0.8010.12	linux	brochure	0.25	1	841	1189	32824	webgpu	Wasm128	on	decode	gpu		nvidia/turing	false	22376800		1.18	0.03	185.59	186.80
chromium	153.0.8010.12	linux	brochure	0.25	1	841	1189	32824	webgpu	Wasm128	on	present	gpu	gpu	nvidia/turing	false	39315424		1.31	0.04	200.86	202.21
chromium	153.0.8010.12	linux	brochure	0.75	1	841	1189	86466	webgpu	Wasm128	on	decode	gpu		nvidia/turing	false	40715232		1.42	0.05	201.33	202.80
chromium	153.0.8010.12	linux	brochure	0.75	1	841	1189	86466	webgpu	Wasm128	on	present	gpu	gpu	nvidia/turing	false	42325984		1.41	0.05	202.39	203.86
chromium	153.0.8010.12	linux	patent-scan	0.25	0	825	1212	28041	webgpu	Wasm128	on	decode	gpu		nvidia/turing	false	42891584		1.36	56.43	205.07	262.86
chromium	153.0.8010.12	linux	patent-scan	0.25	0	825	1212	28041	webgpu	Wasm128	on	present	gpu	gpu	nvidia/turing	false	44799872		1.39	0.04	197.49	198.92
chromium	153.0.8010.12	linux	patent-scan	0.75	1	825	1212	85887	webgpu	Wasm128	on	decode	gpu		nvidia/turing	false	46821376		1.28	0.02	199.01	200.32
chromium	153.0.8010.12	linux	patent-scan	0.75	1	825	1212	85887	webgpu	Wasm128	on	present	gpu	gpu	nvidia/turing	false	47875424		1.94	0.04	198.63	200.62
chromium	153.0.8010.12	linux	line-plot	0.25	0	1000	1000	32827	webgpu	Wasm128	on	decode	gpu		nvidia/turing	false	49941408		1.62	0.04	206.19	207.85
chromium	153.0.8010.12	linux	line-plot	0.25	0	1000	1000	32827	webgpu	Wasm128	on	present	gpu	gpu	nvidia/turing	false	51246400		1.28	0.05	207.31	208.64
chromium	153.0.8010.12	linux	line-plot	0.75	1	1000	1000	97944	webgpu	Wasm128	on	decode	gpu		nvidia/turing	false	53073344		1.26	0.03	210.38	211.67
chromium	153.0.8010.12	linux	line-plot	0.75	1	1000	1000	97944	webgpu	Wasm128	on	present	gpu	gpu	nvidia/turing	false	79146368		1.55	0.03	235.19	236.77
chromium	153.0.8010.12	linux	clipart	0.25	2	816	1225	28034	webgpu	Wasm128	on	decode	gpu		nvidia/turing	false	138022016		1.33	0.03	295.77	297.14
chromium	153.0.8010.12	linux	clipart	0.25	2	816	1225	28034	webgpu	Wasm128	on	present	gpu	gpu	nvidia/turing	false	126349600		1.59	0.03	281.90	283.52
chromium	153.0.8010.12	linux	clipart	0.75	3	816	1225	83202	webgpu	Wasm128	on	decode	gpu		nvidia/turing	false	126226432		1.60	49.54	296.72	347.85
chromium	153.0.8010.12	linux	clipart	0.75	3	816	1225	83202	webgpu	Wasm128	on	present	gpu	gpu	nvidia/turing	false	20683072		4.53	0.05	175.57	180.15
chromium	153.0.8010.12	linux	car	0.25	1	1155	866	33016	threads	Wasm128	off (threads)	decode	cpu		cpu				0.80	22.06	174.65	197.51
chromium	153.0.8010.12	linux	car	0.75	2	1155	866	98890	threads	Wasm128	off (threads)	decode	cpu		cpu				1.85	7.81	109.38	119.05
chromium	153.0.8010.12	linux	mountain	0.25	1	1155	866	32887	threads	Wasm128	off (threads)	decode	cpu		cpu				1.28	0.05	96.31	97.64
chromium	153.0.8010.12	linux	mountain	0.75	2	1155	866	90684	threads	Wasm128	off (threads)	decode	cpu		cpu				1.39	0.05	94.61	96.05
chromium	153.0.8010.12	linux	dumplings	0.25	1	1155	866	32928	threads	Wasm128	off (threads)	decode	cpu		cpu				1.50	0.05	94.64	96.19
chromium	153.0.8010.12	linux	dumplings	0.75	2	1155	866	93621	threads	Wasm128	off (threads)	decode	cpu		cpu				1.81	0.06	100.80	102.67
chromium	153.0.8010.12	linux	artwork	0.25	1	1178	849	32964	threads	Wasm128	off (threads)	decode	cpu		cpu				1.34	0.04	100.52	101.90
chromium	153.0.8010.12	linux	artwork	0.75	2	1178	849	99407	threads	Wasm128	off (threads)	decode	cpu		cpu				1.37	0.07	92.51	93.95
chromium	153.0.8010.12	linux	brochure	0.25	1	841	1189	32824	threads	Wasm128	off (threads)	decode	cpu		cpu				1.19	0.04	103.15	104.39
chromium	153.0.8010.12	linux	brochure	0.75	1	841	1189	86466	threads	Wasm128	off (threads)	decode	cpu		cpu				1.45	0.07	95.79	97.31
chromium	153.0.8010.12	linux	patent-scan	0.25	0	825	1212	28041	threads	Wasm128	off (threads)	decode	cpu		cpu				1.44	8.56	107.59	117.59
chromium	153.0.8010.12	linux	patent-scan	0.75	1	825	1212	85887	threads	Wasm128	off (threads)	decode	cpu		cpu				1.60	0.05	99.41	101.05
chromium	153.0.8010.12	linux	line-plot	0.25	0	1000	1000	32827	threads	Wasm128	off (threads)	decode	cpu		cpu				1.47	0.03	102.90	104.40
chromium	153.0.8010.12	linux	line-plot	0.75	1	1000	1000	97944	threads	Wasm128	off (threads)	decode	cpu		cpu				1.68	0.04	92.55	94.27
chromium	153.0.8010.12	linux	clipart	0.25	2	816	1225	28034	threads	Wasm128	off (threads)	decode	cpu		cpu				1.30	0.03	88.55	89.88
chromium	153.0.8010.12	linux	clipart	0.75	3	816	1225	83202	threads	Wasm128	off (threads)	decode	cpu		cpu				1.68	9.08	98.79	109.55
chromium	153.0.8010.12	linux	car	0.25	1	1155	866	33016	simd	Wasm128	off (simd)	decode	cpu		cpu				0.80	51.00	809.00	860.80
chromium	153.0.8010.12	linux	car	0.75	2	1155	866	98890	simd	Wasm128	off (simd)	decode	cpu		cpu				2.10	52.90	750.50	805.50
chromium	153.0.8010.12	linux	mountain	0.25	1	1155	866	32887	simd	Wasm128	off (simd)	decode	cpu		cpu				1.50	9.80	746.00	757.30
chromium	153.0.8010.12	linux	mountain	0.75	2	1155	866	90684	simd	Wasm128	off (simd)	decode	cpu		cpu				1.50	9.90	746.30	757.70
chromium	153.0.8010.12	linux	dumplings	0.25	1	1155	866	32928	simd	Wasm128	off (simd)	decode	cpu		cpu				1.50	0.10	722.30	723.90
chromium	153.0.8010.12	linux	dumplings	0.75	2	1155	866	93621	simd	Wasm128	off (simd)	decode	cpu		cpu				1.80	0.00	713.20	715.00
chromium	153.0.8010.12	linux	artwork	0.25	1	1178	849	32964	simd	Wasm128	off (simd)	decode	cpu		cpu				1.90	0.10	723.70	725.70
chromium	153.0.8010.12	linux	artwork	0.75	2	1178	849	99407	simd	Wasm128	off (simd)	decode	cpu		cpu				1.70	0.10	718.70	720.50
chromium	153.0.8010.12	linux	brochure	0.25	1	841	1189	32824	simd	Wasm128	off (simd)	decode	cpu		cpu				1.30	0.10	729.40	730.80
chromium	153.0.8010.12	linux	brochure	0.75	1	841	1189	86466	simd	Wasm128	off (simd)	decode	cpu		cpu				1.50	8.40	737.80	747.70
chromium	153.0.8010.12	linux	patent-scan	0.25	0	825	1212	28041	simd	Wasm128	off (simd)	decode	cpu		cpu				1.20	48.00	716.00	765.20
chromium	153.0.8010.12	linux	patent-scan	0.75	1	825	1212	85887	simd	Wasm128	off (simd)	decode	cpu		cpu				1.30	7.80	715.50	724.60
chromium	153.0.8010.12	linux	line-plot	0.25	0	1000	1000	32827	simd	Wasm128	off (simd)	decode	cpu		cpu				1.20	8.00	715.50	724.70
chromium	153.0.8010.12	linux	line-plot	0.75	1	1000	1000	97944	simd	Wasm128	off (simd)	decode	cpu		cpu				1.10	0.10	708.80	710.00
chromium	153.0.8010.12	linux	clipart	0.25	2	816	1225	28034	simd	Wasm128	off (simd)	decode	cpu		cpu				1.20	7.70	719.60	728.50
chromium	153.0.8010.12	linux	clipart	0.75	3	816	1225	83202	simd	Wasm128	off (simd)	decode	cpu		cpu				1.00	47.70	725.00	773.70
